Date,close_price,Volume
2020-03-09 00:00:00-04:00,6.112364768981934,614160000
2020-03-10 00:00:00-04:00,6.501859664916992,580648000
2020-03-11 00:00:00-04:00,6.13801908493042,499964000
2020-03-12 00:00:00-04:00,5.386921405792236,816540000
2020-03-13 00:00:00-04:00,5.997808456420898,634836000
2020-03-16 00:00:00-04:00,4.891088962554932,726972000
2020-03-17 00:00:00-04:00,5.410830020904541,833632000
2020-03-18 00:00:00-04:00,5.050970554351807,874268000
2020-03-19 00:00:00-04:00,5.303743362426758,765512000
2020-03-20 00:00:00-04:00,5.123938083648682,804636000
2020-03-23 00:00:00-04:00,5.296769618988037,643876000
2020-03-24 00:00:00-04:00,6.20550537109375,1101644000
2020-03-25 00:00:00-04:00,6.116849422454834,793432000
2020-03-26 00:00:00-04:00,6.40623140335083,696108000
2020-03-27 00:00:00-04:00,6.293914794921875,638828000
2020-03-30 00:00:00-04:00,6.614176273345947,602252000
2020-03-31 00:00:00-04:00,6.564618110656738,949960000
2020-04-01 00:00:00-04:00,6.0533447265625,656912000
2020-04-02 00:00:00-04:00,6.3621506690979,675764000
2020-04-03 00:00:00-04:00,6.074263572692871,663212000
2020-04-06 00:00:00-04:00,6.684156894683838,727884000
2020-04-07 00:00:00-04:00,6.450809001922607,784520000
2020-04-08 00:00:00-04:00,6.648045063018799,542444000
2020-04-09 00:00:00-04:00,6.5484299659729,525564000
2020-04-13 00:00:00-04:00,6.720265865325928,398408000
2020-04-14 00:00:00-04:00,7.071408271789551,530948000
2020-04-15 00:00:00-04:00,6.993957042694092,366148000
2020-04-16 00:00:00-04:00,7.339122772216797,745620000
2020-04-17 00:00:00-04:00,7.279853343963623,539120000
2020-04-20 00:00:00-04:00,7.1486101150512695,449388000
2020-04-21 00:00:00-04:00,6.711798667907715,735160000
2020-04-22 00:00:00-04:00,7.126195907592773,483356000
2020-04-23 00:00:00-04:00,7.072903156280518,424160000
2020-04-24 00:00:00-04:00,7.211863994598389,352328000
2020-04-27 00:00:00-04:00,7.398394584655762,479388000
2020-04-28 00:00:00-04:00,7.255945682525635,442904000
2020-04-29 00:00:00-04:00,7.4327616691589355,379160000
2020-04-30 00:00:00-04:00,7.278855800628662,375916000
2020-05-01 00:00:00-04:00,7.042271614074707,342096000
2020-05-04 00:00:00-04:00,7.254201889038086,317556000
2020-05-05 00:00:00-04:00,7.315215110778809,368896000
2020-05-06 00:00:00-04:00,7.41607666015625,323464000
2020-05-07 00:00:00-04:00,7.592392921447754,373732000
2020-05-08 00:00:00-04:00,7.782408714294434,339216000
2020-05-11 00:00:00-04:00,8.03443431854248,469060000
2020-05-12 00:00:00-04:00,7.772446632385254,493060000
2020-05-13 00:00:00-04:00,7.750033855438232,625852000
2020-05-14 00:00:00-04:00,7.999567985534668,602312000
2020-05-15 00:00:00-04:00,8.458044052124023,987660000
2020-05-18 00:00:00-04:00,8.716546058654785,774460000
2020-05-19 00:00:00-04:00,8.771586418151855,717320000
2020-05-20 00:00:00-04:00,8.93545150756836,587536000
2020-05-21 00:00:00-04:00,8.741449356079102,761068000
2020-05-22 00:00:00-04:00,8.991484642028809,1038764000
2020-05-26 00:00:00-04:00,8.684170722961426,770780000
2020-05-27 00:00:00-04:00,8.492414474487305,1175892000
2020-05-28 00:00:00-04:00,8.454313278198242,734896000
2020-05-29 00:00:00-04:00,8.841316223144531,745256000
2020-06-01 00:00:00-04:00,8.772334098815918,389876000
2020-06-02 00:00:00-04:00,8.791258811950684,391320000
2020-06-03 00:00:00-04:00,8.735723495483398,365440000
2020-06-04 00:00:00-04:00,8.73672103881836,424280000
2020-06-05 00:00:00-04:00,8.88969898223877,481748000
2020-06-08 00:00:00-04:00,8.775091171264648,387736000
2020-06-09 00:00:00-04:00,9.01527214050293,468488000
2020-06-10 00:00:00-04:00,9.334928512573242,632180000
2020-06-11 00:00:00-04:00,8.76637077331543,583652000
2020-06-12 00:00:00-04:00,8.902154922485352,570908000
2020-06-15 00:00:00-04:00,9.142587661743164,400004000
2020-06-16 00:00:00-04:00,9.03769302368164,535716000
2020-06-17 00:00:00-04:00,9.204626083374023,408304000
2020-06-18 00:00:00-04:00,9.186688423156738,254408000
2020-06-19 00:00:00-04:00,9.229789733886719,524160000
2020-06-22 00:00:00-04:00,9.494386672973633,398468000
2020-06-23 00:00:00-04:00,9.41789722442627,375108000
2020-06-24 00:00:00-04:00,9.20412826538086,449372000
2020-06-25 00:00:00-04:00,9.457762718200684,376072000
2020-06-26 00:00:00-04:00,9.1239013671875,592084000
2020-06-29 00:00:00-04:00,9.168747901916504,342248000
2020-06-30 00:00:00-04:00,9.465486526489258,367892000
2020-07-01 00:00:00-04:00,9.497626304626465,326648000
2020-07-02 00:00:00-04:00,9.579599380493164,364056000
2020-07-06 00:00:00-04:00,9.805824279785156,315892000
2020-07-07 00:00:00-04:00,9.838217735290527,357800000
2020-07-08 00:00:00-04:00,10.181296348571777,365480000
2020-07-09 00:00:00-04:00,10.47330093383789,494548000
2020-07-10 00:00:00-04:00,10.44365119934082,497676000
2020-07-13 00:00:00-04:00,10.01810359954834,457076000
2020-07-14 00:00:00-04:00,10.341748237609863,542676000
2020-07-15 00:00:00-04:00,10.19250774383545,403984000
2020-07-16 00:00:00-04:00,10.100322723388672,344964000
2020-07-17 00:00:00-04:00,10.166845321655273,266284000
2020-07-20 00:00:00-04:00,10.475044250488281,284852000
2020-07-21 00:00:00-04:00,10.293416023254395,277036000
2020-07-22 00:00:00-04:00,10.403288841247559,367292000
2020-07-23 00:00:00-04:00,10.095340728759766,411660000
2020-07-24 00:00:00-04:00,10.159871101379395,473292000
2020-07-27 00:00:00-04:00,10.386096954345703,292132000
2020-07-28 00:00:00-04:00,10.180798530578613,271636000
2020-07-29 00:00:00-04:00,10.429946899414062,284508000
2020-07-30 00:00:00-04:00,10.5779447555542,308880000
2020-07-31 00:00:00-04:00,10.578692436218262,386080000
2020-08-03 00:00:00-04:00,10.972846984863281,412720000
2020-08-04 00:00:00-04:00,11.18960952758789,310336000
2020-08-05 00:00:00-04:00,11.248408317565918,249924000
2020-08-06 00:00:00-04:00,11.296993255615234,244316000
2020-08-07 00:00:00-04:00,11.161455154418945,342516000
2020-08-10 00:00:00-04:00,11.127073287963867,427796000
2020-08-11 00:00:00-04:00,10.813142776489258,354512000
2020-08-12 00:00:00-04:00,11.401387214660645,464412000
2020-08-13 00:00:00-04:00,11.40412712097168,374460000
2020-08-14 00:00:00-04:00,11.524717330932617,366436000
2020-08-17 00:00:00-04:00,12.295092582702637,621300000
2020-08-18 00:00:00-04:00,12.219099998474121,503448000
2020-08-19 00:00:00-04:00,12.097264289855957,622624000
2020-08-20 00:00:00-04:00,12.09975814819336,921388000
2020-08-21 00:00:00-04:00,12.640414237976074,999868000
2020-08-24 00:00:00-04:00,12.677038192749023,490564000
2020-08-25 00:00:00-04:00,12.70668888092041,289076000
2020-08-26 00:00:00-04:00,12.729610443115234,321244000
2020-08-27 00:00:00-04:00,12.585352897644043,317604000
2020-08-28 00:00:00-04:00,13.1030855178833,537160000
2020-08-31 00:00:00-04:00,13.329066276550293,500840000
2020-09-01 00:00:00-04:00,13.77817153930664,511316000
2020-09-02 00:00:00-04:00,14.302046775817871,874012000
2020-09-03 00:00:00-04:00,12.975165367126465,945128000
2020-09-04 00:00:00-04:00,12.583385467529297,1463684000
2020-09-08 00:00:00-04:00,11.876083374023438,795728000
2020-09-09 00:00:00-04:00,12.675599098205566,736200000
2020-09-10 00:00:00-04:00,12.273599624633789,698684000
2020-09-11 00:00:00-04:00,12.12680435180664,636928000
2020-09-14 00:00:00-04:00,12.832361221313477,1201744000
2020-09-15 00:00:00-04:00,12.950743675231934,727556000
2020-09-16 00:00:00-04:00,12.475719451904297,556384000
2020-09-17 00:00:00-04:00,12.42487907409668,792512000
2020-09-18 00:00:00-04:00,12.15147876739502,698460000
2020-09-21 00:00:00-04:00,12.478459358215332,721044000
2020-09-22 00:00:00-04:00,12.598586082458496,646452000
2020-09-23 00:00:00-04:00,12.086181640625,647012000
2020-09-24 00:00:00-04:00,12.309737205505371,731240000
2020-09-25 00:00:00-04:00,12.833858489990234,588016000
2020-09-28 00:00:00-04:00,12.994607925415039,573808000
2020-09-29 00:00:00-04:00,13.184765815734863,621460000
2020-09-30 00:00:00-04:00,13.488572120666504,689184000
2020-10-01 00:00:00-04:00,13.572311401367188,525004000
2020-10-02 00:00:00-04:00,13.021773338317871,552496000
2020-10-05 00:00:00-04:00,13.600226402282715,479820000
2020-10-06 00:00:00-04:00,13.69393253326416,784420000
2020-10-07 00:00:00-04:00,13.920726776123047,418084000
2020-10-08 00:00:00-04:00,13.795866966247559,378900000
2020-10-09 00:00:00-04:00,13.720100402832031,346892000
2020-10-12 00:00:00-04:00,14.181914329528809,434744000
2020-10-13 00:00:00-04:00,14.204095840454102,344604000
2020-10-14 00:00:00-04:00,14.051569938659668,276100000
2020-10-15 00:00:00-04:00,13.92671012878418,267224000
2020-10-16 00:00:00-04:00,13.76870059967041,242392000
2020-10-19 00:00:00-04:00,13.455924034118652,298068000
2020-10-20 00:00:00-04:00,13.603216171264648,229212000
2020-10-21 00:00:00-04:00,13.48283863067627,219596000
2020-10-22 00:00:00-04:00,13.319599151611328,290480000
2020-10-23 00:00:00-04:00,13.548136711120605,233484000
2020-10-26 00:00:00-04:00,13.100528717041016,336896000
2020-10-27 00:00:00-04:00,13.355234146118164,250520000
2020-10-28 00:00:00-04:00,12.587872505187988,376520000
2020-10-29 00:00:00-04:00,12.983641624450684,320080000
2020-10-30 00:00:00-04:00,12.495159149169922,416820000
2020-11-02 00:00:00-05:00,12.541766166687012,299652000
2020-11-03 00:00:00-05:00,12.979157447814941,272900000
2020-11-04 00:00:00-05:00,13.751503944396973,410228000
2020-11-05 00:00:00-05:00,14.11612319946289,319028000
2020-11-06 00:00:00-05:00,14.516875267028809,383348000
2020-11-09 00:00:00-05:00,13.588509559631348,582976000
2020-11-10 00:00:00-05:00,12.73043155670166,644068000
2020-11-11 00:00:00-05:00,13.376420974731445,404744000
2020-11-12 00:00:00-05:00,13.415050506591797,365812000
2020-11-13 00:00:00-05:00,13.255796432495117,346312000
2020-11-16 00:00:00-05:00,13.473367691040039,413776000
2020-11-17 00:00:00-05:00,13.380656242370605,312028000
2020-11-18 00:00:00-05:00,13.387137413024902,510924000
2020-11-19 00:00:00-05:00,13.398601531982422,565936000
2020-11-20 00:00:00-05:00,13.04719352722168,341088000
2020-11-23 00:00:00-05:00,13.099284172058105,361356000
2020-11-24 00:00:00-05:00,12.917596817016602,346500000
2020-11-25 00:00:00-05:00,13.193734169006348,259916000
2020-11-27 00:00:00-05:00,13.220154762268066,167276000
2020-11-30 00:00:00-05:00,13.359970092773438,286952000
2020-12-01 00:00:00-05:00,13.348506927490234,296948000
2020-12-02 00:00:00-05:00,13.502530097961426,283360000
2020-12-03 00:00:00-05:00,13.358431816101074,199520000
2020-12-04 00:00:00-05:00,13.52022933959961,202244000
2020-12-07 00:00:00-05:00,13.56859302520752,223244000
2020-12-08 00:00:00-05:00,13.31256103515625,271920000
2020-12-09 00:00:00-05:00,12.894488334655762,401300000
2020-12-10 00:00:00-05:00,12.935871124267578,207764000
2020-12-11 00:00:00-05:00,12.976757049560547,209264000
2020-12-14 00:00:00-05:00,13.271428108215332,270156000
2020-12-15 00:00:00-05:00,13.323033332824707,193016000
2020-12-16 00:00:00-05:00,13.205365180969238,223116000
2020-12-17 00:00:00-05:00,13.303836822509766,231384000
2020-12-18 00:00:00-05:00,13.234782218933105,342064000
2020-12-21 00:00:00-05:00,13.29486083984375,302332000
2020-12-22 00:00:00-05:00,13.241013526916504,185580000
2020-12-23 00:00:00-05:00,12.97276782989502,179144000
2020-12-24 00:00:00-05:00,12.95730972290039,97884000
2020-12-28 00:00:00-05:00,12.863823890686035,212564000
2020-12-29 00:00:00-05:00,12.906952857971191,170372000
2020-12-30 00:00:00-05:00,13.10888671875,225396000
2020-12-31 00:00:00-05:00,13.018388748168945,192424000
2021-01-04 00:00:00-05:00,13.076726913452148,560640000
2021-01-05 00:00:00-05:00,13.367159843444824,322760000
2021-01-06 00:00:00-05:00,12.579126358032227,580424000
2021-01-07 00:00:00-05:00,13.306580543518066,461480000
2021-01-08 00:00:00-05:00,13.239516258239746,292528000
2021-01-11 00:00:00-05:00,13.58329963684082,518344000
2021-01-12 00:00:00-05:00,13.446934700012207,291476000
2021-01-13 00:00:00-05:00,13.493803024291992,210028000
2021-01-14 00:00:00-05:00,13.163233757019043,283120000
2021-01-15 00:00:00-05:00,12.82343864440918,277780000
2021-01-19 00:00:00-05:00,12.988722801208496,226188000
2021-01-20 00:00:00-05:00,13.328269958496094,258572000
2021-01-21 00:00:00-05:00,13.82861042022705,337780000
2021-01-22 00:00:00-05:00,13.674046516418457,246820000
2021-01-25 00:00:00-05:00,13.614961624145508,251112000
2021-01-26 00:00:00-05:00,13.397575378417969,163980000
2021-01-27 00:00:00-05:00,12.881525039672852,371272000
2021-01-28 00:00:00-05:00,13.014400482177734,228316000
2021-01-29 00:00:00-05:00,12.953322410583496,271552000
2021-02-01 00:00:00-05:00,13.19987964630127,217204000
2021-02-02 00:00:00-05:00,13.518733978271484,220440000
2021-02-03 00:00:00-05:00,13.492558479309082,245408000
2021-02-04 00:00:00-05:00,13.625929832458496,201340000
2021-02-05 00:00:00-05:00,13.552885055541992,169152000
2021-02-08 00:00:00-05:00,14.398260116577148,434624000
2021-02-09 00:00:00-05:00,14.223252296447754,287560000
2021-02-10 00:00:00-05:00,14.722845077514648,485352000
2021-02-11 00:00:00-05:00,15.207980155944824,450828000
2021-02-12 00:00:00-05:00,14.919292449951172,374756000
2021-02-16 00:00:00-05:00,15.28725814819336,321960000
2021-02-17 00:00:00-05:00,14.864198684692383,274756000
2021-02-18 00:00:00-05:00,14.787415504455566,233868000
2021-02-19 00:00:00-05:00,14.884641647338867,271724000
2021-02-22 00:00:00-05:00,14.315492630004883,325884000
2021-02-23 00:00:00-05:00,14.102340698242188,391780000
2021-02-24 00:00:00-05:00,14.458340644836426,448320000
2021-02-25 00:00:00-05:00,13.270181655883789,824436000
2021-02-26 00:00:00-05:00,13.676043510437012,500932000
2021-03-01 00:00:00-05:00,13.802932739257812,353184000
2021-03-02 00:00:00-05:00,13.368657112121582,264116000
2021-03-03 00:00:00-05:00,12.768840789794922,377592000
2021-03-04 00:00:00-05:00,12.33556079864502,573344000
2021-03-05 00:00:00-05:00,12.426556587219238,542840000
2021-03-08 00:00:00-05:00,11.56074333190918,543112000
2021-03-09 00:00:00-05:00,12.489446640014648,521824000
2021-03-10 00:00:00-05:00,12.437576293945312,384376000
2021-03-11 00:00:00-05:00,12.961535453796387,299916000
2021-03-12 00:00:00-05:00,12.824372291564941,243964000
2021-03-15 00:00:00-04:00,13.158794403076172,221988000
2021-03-16 00:00:00-04:00,13.258551597595215,272128000
2021-03-17 00:00:00-04:00,13.308429718017578,243864000
2021-03-18 00:00:00-04:00,12.691201210021973,293896000
2021-03-19 00:00:00-04:00,12.81414794921875,299208000
2021-03-22 00:00:00-04:00,13.153813362121582,297804000
2021-03-23 00:00:00-04:00,13.038595199584961,222048000
2021-03-24 00:00:00-04:00,12.611897468566895,245840000
2021-03-25 00:00:00-04:00,12.504412651062012,295144000
2021-03-26 00:00:00-04:00,12.80766487121582,363968000
2021-03-29 00:00:00-04:00,12.91639518737793,273520000
2021-03-30 00:00:00-04:00,12.840082168579102,200204000
2021-03-31 00:00:00-04:00,13.315412521362305,314776000
2021-04-01 00:00:00-04:00,13.777772903442383,308276000
2021-04-05 00:00:00-04:00,13.953089714050293,255672000
2021-04-06 00:00:00-04:00,13.827399253845215,191744000
2021-04-07 00:00:00-04:00,14.108704566955566,251284000
2021-04-08 00:00:00-04:00,14.281777381896973,244416000
2021-04-09 00:00:00-04:00,14.36457347869873,195172000
2021-04-12 00:00:00-04:00,15.171584129333496,869324000
2021-04-13 00:00:00-04:00,15.6409273147583,676212000
2021-04-14 00:00:00-04:00,15.239418029785156,385500000
2021-04-15 00:00:00-04:00,16.097549438476562,598480000
2021-04-16 00:00:00-04:00,15.8733549118042,335208000
2021-04-19 00:00:00-04:00,15.323957443237305,404420000
2021-04-20 00:00:00-04:00,15.133927345275879,334132000
2021-04-21 00:00:00-04:00,15.322710037231445,216776000
2021-04-22 00:00:00-04:00,14.81371784210205,277788000
2021-04-23 00:00:00-04:00,15.227697372436523,227500000
2021-04-26 00:00:00-04:00,15.439922332763672,197796000
2021-04-27 00:00:00-04:00,15.343910217285156,164572000
2021-04-28 00:00:00-04:00,15.239169120788574,209416000
2021-04-29 00:00:00-04:00,15.287046432495117,173196000
2021-04-30 00:00:00-04:00,14.972575187683105,201912000
2021-05-03 00:00:00-04:00,14.800249099731445,203912000
2021-05-04 00:00:00-04:00,14.31594467163086,405324000
2021-05-05 00:00:00-04:00,14.422930717468262,292024000
2021-05-06 00:00:00-04:00,14.487272262573242,193380000
2021-05-07 00:00:00-04:00,14.775811195373535,229328000
2021-05-10 00:00:00-04:00,14.2306547164917,268904000
2021-05-11 00:00:00-04:00,14.2710542678833,285584000
2021-05-12 00:00:00-04:00,13.724653244018555,303408000
2021-05-13 00:00:00-04:00,13.631633758544922,285404000
2021-05-14 00:00:00-04:00,14.207961082458496,258616000
2021-05-17 00:00:00-04:00,14.130650520324707,216980000
2021-05-18 00:00:00-04:00,13.981270790100098,186256000
2021-05-19 00:00:00-04:00,14.031147003173828,344000000
2021-05-20 00:00:00-04:00,14.57655143737793,321592000
2021-05-21 00:00:00-04:00,14.95486831665039,672992000
2021-05-24 00:00:00-04:00,15.573592185974121,554816000
2021-05-25 00:00:00-04:00,15.609256744384766,435408000
2021-05-26 00:00:00-04:00,15.661375999450684,370440000
2021-05-27 00:00:00-04:00,15.449897766113281,581476000
2021-05-28 00:00:00-04:00,16.204538345336914,644536000
2021-06-01 00:00:00-04:00,16.224489212036133,472804000
2021-06-02 00:00:00-04:00,16.73697280883789,594168000
2021-06-03 00:00:00-04:00,16.928001403808594,580008000
2021-06-04 00:00:00-04:00,17.535005569458008,617120000
2021-06-07 00:00:00-04:00,17.575651168823242,575756000
2021-06-08 00:00:00-04:00,17.414052963256836,323848000
2021-06-09 00:00:00-04:00,17.319515228271484,381656000
2021-06-10 00:00:00-04:00,17.38612174987793,287772000
2021-06-11 00:00:00-04:00,17.78547477722168,416308000
2021-06-14 00:00:00-04:00,17.97854232788086,321376000
2021-06-15 00:00:00-04:00,17.748807907104492,243032000
2021-06-16 00:00:00-04:00,17.7705078125,307124000
2021-06-17 00:00:00-04:00,18.615612030029297,809656000
2021-06-18 00:00:00-04:00,18.597158432006836,968856000
2021-06-21 00:00:00-04:00,18.386131286621094,672384000
2021-06-22 00:00:00-04:00,18.844606399536133,580144000
2021-06-23 00:00:00-04:00,19.01472282409668,332356000
2021-06-24 00:00:00-04:00,19.162643432617188,320924000
2021-06-25 00:00:00-04:00,18.98853302001953,278364000
2021-06-28 00:00:00-04:00,19.94040298461914,495436000
2021-06-29 00:00:00-04:00,19.9820613861084,367632000
2021-06-30 00:00:00-04:00,19.95786476135254,326568000
2021-07-01 00:00:00-04:00,20.16689682006836,480136000
2021-07-02 00:00:00-04:00,20.4412841796875,342764000
2021-07-06 00:00:00-04:00,20.65230941772461,446708000
2021-07-07 00:00:00-04:00,20.326290130615234,418428000
2021-07-08 00:00:00-04:00,19.858333587646484,503300000
2021-07-09 00:00:00-04:00,20.005508422851562,296624000
2021-07-12 00:00:00-04:00,20.46672821044922,321984000
2021-07-13 00:00:00-04:00,20.204811096191406,290708000
2021-07-14 00:00:00-04:00,19.79722023010254,380100000
2021-07-15 00:00:00-04:00,18.923925399780273,550564000
2021-07-16 00:00:00-04:00,18.12047004699707,688224000
2021-07-19 00:00:00-04:00,18.73784065246582,749060000
2021-07-20 00:00:00-04:00,18.570465087890625,434687000
2021-07-21 00:00:00-04:00,19.366683959960938,371017000
2021-07-22 00:00:00-04:00,19.550275802612305,323826000
2021-07-23 00:00:00-04:00,19.514360427856445,195672000
2021-07-26 00:00:00-04:00,19.250946044921875,203943000
2021-07-27 00:00:00-04:00,19.16513442993164,248863000
2021-07-28 00:00:00-04:00,19.4594783782959,202191000
2021-07-29 00:00:00-04:00,19.61812973022461,190781000
2021-07-30 00:00:00-04:00,19.455490112304688,183497000
2021-08-02 00:00:00-04:00,19.705928802490234,217444000
2021-08-03 00:00:00-04:00,19.77077865600586,301811000
2021-08-04 00:00:00-04:00,20.228757858276367,231309000
2021-08-05 00:00:00-04:00,20.5909481048584,211435000
2021-08-06 00:00:00-04:00,20.32054901123047,178497000
2021-08-09 00:00:00-04:00,20.249710083007812,146443000
2021-08-10 00:00:00-04:00,19.891517639160156,179238000
2021-08-11 00:00:00-04:00,19.65504264831543,185925000
2021-08-12 00:00:00-04:00,19.860580444335938,151652000
2021-08-13 00:00:00-04:00,20.142948150634766,183063000
2021-08-16 00:00:00-04:00,19.905479431152344,210876000
2021-08-17 00:00:00-04:00,19.414583206176758,204585000
2021-08-18 00:00:00-04:00,18.997512817382812,285913000
2021-08-19 00:00:00-04:00,19.75382423400879,766555000
2021-08-20 00:00:00-04:00,20.76954460144043,675741000
2021-08-23 00:00:00-04:00,21.90900230407715,575807000
2021-08-24 00:00:00-04:00,21.744367599487305,297299000
2021-08-25 00:00:00-04:00,22.16343116760254,347701000
2021-08-26 00:00:00-04:00,22.018756866455078,237940000
2021-08-27 00:00:00-04:00,22.585493087768555,304722000
2021-08-30 00:00:00-04:00,22.637372970581055,262580000
2021-08-31 00:00:00-04:00,22.338987350463867,259850000
2021-09-01 00:00:00-04:00,22.394868850708008,201767000
2021-09-02 00:00:00-04:00,22.349966049194336,187834000
2021-09-03 00:00:00-04:00,22.796045303344727,280532000
2021-09-07 00:00:00-04:00,22.615415573120117,198107000
2021-09-08 00:00:00-04:00,22.293081283569336,254434000
2021-09-09 00:00:00-04:00,22.131410598754883,196856000
2021-09-10 00:00:00-04:00,22.431793212890625,248376000
2021-09-13 00:00:00-04:00,22.10646629333496,297500000
2021-09-14 00:00:00-04:00,22.19628143310547,199755000
2021-09-15 00:00:00-04:00,22.295074462890625,166538000
2021-09-16 00:00:00-04:00,22.19628143310547,156033000
2021-09-17 00:00:00-04:00,21.854982376098633,294503000
2021-09-20 00:00:00-04:00,21.06960678100586,349440000
2021-09-21 00:00:00-04:00,21.202327728271484,204688000
2021-09-22 00:00:00-04:00,21.895898818969727,268726000
2021-09-23 00:00:00-04:00,22.435791015625,248555000
2021-09-24 00:00:00-04:00,22.035612106323242,217655000
2021-09-27 00:00:00-04:00,21.6154727935791,245215000
2021-09-28 00:00:00-04:00,20.656450271606445,343069000
2021-09-29 00:00:00-04:00,20.47482681274414,218394000
2021-09-30 00:00:00-04:00,20.673418045043945,221009000
2021-10-01 00:00:00-04:00,20.699365615844727,240978000
2021-10-04 00:00:00-04:00,19.691436767578125,345635000
2021-10-05 00:00:00-04:00,20.408960342407227,279282000
2021-10-06 00:00:00-04:00,20.657451629638672,297202000
2021-10-07 00:00:00-04:00,21.03168296813965,256919000
2021-10-08 00:00:00-04:00,20.788179397583008,151258000
2021-10-11 00:00:00-04:00,20.65245819091797,163388000
2021-10-12 00:00:00-04:00,20.628511428833008,162134000
2021-10-13 00:00:00-04:00,20.895959854125977,180652000
2021-10-14 00:00:00-04:00,21.70130157470703,243589000
2021-10-15 00:00:00-04:00,21.817060470581055,226994000
2021-10-18 00:00:00-04:00,22.176319122314453,189494000
2021-10-19 00:00:00-04:00,22.24418067932129,161473000
2021-10-20 00:00:00-04:00,22.057567596435547,146276000
2021-10-21 00:00:00-04:00,22.645353317260742,187590000
2021-10-22 00:00:00-04:00,22.679285049438477,249384000
2021-10-25 00:00:00-04:00,23.118379592895508,230235000
2021-10-26 00:00:00-04:00,24.66619300842285,485898000
2021-10-27 00:00:00-04:00,24.400739669799805,245990000
2021-10-28 00:00:00-04:00,24.889732360839844,234204000
2021-10-29 00:00:00-04:00,25.514442443847656,292503000
2021-11-01 00:00:00-04:00,25.77391242980957,265740000
2021-11-02 00:00:00-04:00,26.346731185913086,294112000
2021-11-03 00:00:00-04:00,26.543325424194336,239910000
2021-11-04 00:00:00-04:00,29.73974609375,1153631000
2021-11-05 00:00:00-04:00,29.690841674804688,851260000
2021-11-08 00:00:00-05:00,30.740676879882812,503101000
2021-11-09 00:00:00-05:00,30.593984603881836,646746000
2021-11-10 00:00:00-05:00,29.3984432220459,636206000
2021-11-11 00:00:00-05:00,30.327533721923828,332172000
2021-11-12 00:00:00-05:00,30.327533721923828,413054000
2021-11-15 00:00:00-05:00,29.963281631469727,384909000
2021-11-16 00:00:00-05:00,30.14091682434082,264484000
2021-11-17 00:00:00-05:00,29.200851440429688,428508000
2021-11-18 00:00:00-05:00,31.609893798828125,781711000
2021-11-19 00:00:00-05:00,32.91720199584961,533867000
2021-11-22 00:00:00-05:00,31.89031219482422,754335000
2021-11-23 00:00:00-05:00,31.68074607849121,532163000
2021-11-24 00:00:00-05:00,32.60683822631836,435162000
2021-11-26 00:00:00-05:00,31.43824577331543,283069000
2021-11-29 00:00:00-05:00,33.3073844909668,454964000
2021-11-30 00:00:00-05:00,32.60883331298828,622066000
2021-12-01 00:00:00-05:00,31.374223709106445,484368000
2021-12-02 00:00:00-05:00,32.06388473510742,472890000
2021-12-03 00:00:00-05:00,30.6336612701416,544325000
2021-12-06 00:00:00-05:00,29.978927612304688,658938000
2021-12-07 00:00:00-05:00,32.36430740356445,593053000
2021-12-08 00:00:00-05:00,31.764467239379883,475551000
2021-12-09 00:00:00-05:00,30.431055068969727,488507000
2021-12-10 00:00:00-05:00,30.13961410522461,488825000
2021-12-13 00:00:00-05:00,28.106552124023438,598344000
2021-12-14 00:00:00-05:00,28.28221321105957,667035000
2021-12-15 00:00:00-05:00,30.40011215209961,698297000
2021-12-16 00:00:00-05:00,28.332122802734375,707366000
2021-12-17 00:00:00-05:00,27.747251510620117,713758000
2021-12-20 00:00:00-05:00,27.6654052734375,461847000
2021-12-21 00:00:00-05:00,29.018789291381836,524385000
2021-12-22 00:00:00-05:00,29.343158721923828,395184000
2021-12-23 00:00:00-05:00,29.58269691467285,343022000
2021-12-27 00:00:00-05:00,30.885169982910156,403686000
2021-12-28 00:00:00-05:00,30.263378143310547,420591000
2021-12-29 00:00:00-05:00,29.942991256713867,343139000
2021-12-30 00:00:00-05:00,29.528797149658203,308864000
2021-12-31 00:00:00-05:00,29.354137420654297,266530000
2022-01-03 00:00:00-05:00,30.062767028808594,391547000
2022-01-04 00:00:00-05:00,29.23337745666504,527154000
2022-01-05 00:00:00-05:00,27.550630569458008,498064000
2022-01-06 00:00:00-05:00,28.123517990112305,454186000
2022-01-07 00:00:00-05:00,27.194320678710938,409939000
2022-01-10 00:00:00-05:00,27.34702491760254,594681000
2022-01-11 00:00:00-05:00,27.76322364807129,404089000
2022-01-12 00:00:00-05:00,27.944862365722656,383413000
2022-01-13 00:00:00-05:00,26.52362060546875,540171000
2022-01-14 00:00:00-05:00,26.889909744262695,395832000
2022-01-18 00:00:00-05:00,25.85291862487793,424270000
2022-01-19 00:00:00-05:00,25.018539428710938,488315000
2022-01-20 00:00:00-05:00,24.103307723999023,435181000
2022-01-21 00:00:00-05:00,23.32880973815918,718958000
2022-01-24 00:00:00-05:00,23.32681655883789,913982000
2022-01-25 00:00:00-05:00,22.280839920043945,664616000
2022-01-26 00:00:00-05:00,22.727970123291016,755959000
2022-01-27 00:00:00-05:00,21.901573181152344,573353000
2022-01-28 00:00:00-05:00,22.795841217041016,543774000
2022-01-31 00:00:00-05:00,24.438663482666016,564680000
2022-02-01 00:00:00-05:00,24.590364456176758,518925000
2022-02-02 00:00:00-05:00,25.19319725036621,543419000
2022-02-03 00:00:00-05:00,23.90169906616211,410178000
2022-02-04 00:00:00-05:00,24.271984100341797,354829000
2022-02-07 00:00:00-05:00,24.680191040039062,376868000
2022-02-08 00:00:00-05:00,25.059457778930664,410359000
2022-02-09 00:00:00-05:00,26.653364181518555,524282000
2022-02-10 00:00:00-05:00,25.77407455444336,513200000
2022-02-11 00:00:00-05:00,23.902698516845703,605472000
2022-02-14 00:00:00-05:00,24.22007942199707,440424000
2022-02-15 00:00:00-05:00,26.443777084350586,699869000
2022-02-16 00:00:00-05:00,26.45974349975586,732676000
2022-02-17 00:00:00-05:00,24.459617614746094,810595000
2022-02-18 00:00:00-05:00,23.59629249572754,761255000
2022-02-22 00:00:00-05:00,23.34477996826172,633422000
2022-02-23 00:00:00-05:00,22.343713760375977,566511000
2022-02-24 00:00:00-05:00,23.70208740234375,735801000
2022-02-25 00:00:00-05:00,24.110294342041016,528866000
2022-02-28 00:00:00-05:00,24.337854385375977,477319000
2022-03-01 00:00:00-05:00,23.431612014770508,412056000
2022-03-02 00:00:00-05:00,24.177289962768555,389642000
2022-03-03 00:00:00-05:00,23.67218780517578,365095000
2022-03-04 00:00:00-05:00,22.895559310913086,431415000
2022-03-07 00:00:00-05:00,21.314350128173828,450821000
2022-03-08 00:00:00-05:00,21.476064682006836,557467000
2022-03-09 00:00:00-05:00,22.973419189453125,492742000
2022-03-10 00:00:00-05:00,22.61804962158203,428066000
2022-03-11 00:00:00-05:00,22.0610294342041,367209000
2022-03-14 00:00:00-04:00,21.292390823364258,385354000
2022-03-15 00:00:00-04:00,22.9324951171875,491996000
2022-03-16 00:00:00-04:00,24.452804565429688,671422000
2022-03-17 00:00:00-04:00,24.72233009338379,471941000
2022-03-18 00:00:00-04:00,26.40635108947754,730719000
2022-03-21 00:00:00-04:00,26.686859130859375,591727000
2022-03-22 00:00:00-04:00,26.477230072021484,547007000
2022-03-23 00:00:00-04:00,25.58880043029785,502120000
2022-03-24 00:00:00-04:00,28.100364685058594,877379000
2022-03-25 00:00:00-04:00,27.64316749572754,579016000
2022-03-28 00:00:00-04:00,28.16924285888672,425494000
2022-03-29 00:00:00-04:00,28.605472564697266,488984000
2022-03-30 00:00:00-04:00,27.641170501708984,463487000
2022-03-31 00:00:00-04:00,27.237882614135742,523440000
2022-04-01 00:00:00-04:00,26.664901733398438,517235000
2022-04-04 00:00:00-04:00,27.311758041381836,397120000
2022-04-05 00:00:00-04:00,25.885272979736328,436615000
2022-04-06 00:00:00-04:00,24.363962173461914,703833000
2022-04-07 00:00:00-04:00,24.16531753540039,557992000
2022-04-08 00:00:00-04:00,23.078235626220703,524781000
2022-04-11 00:00:00-04:00,21.878353118896484,575207000
2022-04-12 00:00:00-04:00,21.466079711914062,662258000
2022-04-13 00:00:00-04:00,22.16384506225586,516943000
2022-04-14 00:00:00-04:00,21.220516204833984,569097000
2022-04-18 00:00:00-04:00,21.744592666625977,525701000
2022-04-19 00:00:00-04:00,22.158855438232422,512781000
2022-04-20 00:00:00-04:00,21.444122314453125,468974000
2022-04-21 00:00:00-04:00,20.14741325378418,656209000
2022-04-22 00:00:00-04:00,19.4805908203125,624713000
2022-04-25 00:00:00-04:00,19.866905212402344,641566000
2022-04-26 00:00:00-04:00,18.754871368408203,653143000
2022-04-27 00:00:00-04:00,18.38253402709961,499460000
2022-04-28 00:00:00-04:00,19.747116088867188,570327000
2022-04-29 00:00:00-04:00,18.514293670654297,500435000
2022-05-02 00:00:00-04:00,19.498558044433594,572049000
2022-05-03 00:00:00-04:00,19.567432403564453,475751000
2022-05-04 00:00:00-04:00,20.298141479492188,648855000
2022-05-05 00:00:00-04:00,18.81077003479004,626331000
2022-05-06 00:00:00-04:00,18.64206886291504,633297000
2022-05-09 00:00:00-04:00,16.92011260986328,644455000
2022-05-10 00:00:00-04:00,17.56397247314453,761474000
2022-05-11 00:00:00-04:00,16.600679397583008,670167000
2022-05-12 00:00:00-04:00,16.14647674560547,708728000
2022-05-13 00:00:00-04:00,17.674776077270508,670437000
2022-05-16 00:00:00-04:00,17.233556747436523,521446000
2022-05-17 00:00:00-04:00,18.144948959350586,585830000
2022-05-18 00:00:00-04:00,16.90813446044922,545161000
2022-05-19 00:00:00-04:00,17.09380531311035,621310000
2022-05-20 00:00:00-04:00,16.664560317993164,739105000
2022-05-23 00:00:00-04:00,16.868206024169922,639889000
2022-05-24 00:00:00-04:00,16.12551498413086,588550000
2022-05-25 00:00:00-04:00,16.945070266723633,781132000
2022-05-26 00:00:00-04:00,17.819522857666016,996575000
2022-05-27 00:00:00-04:00,18.7778263092041,738379000
2022-05-31 00:00:00-04:00,18.63907814025879,664100000
2022-06-01 00:00:00-04:00,18.287694931030273,544514000
2022-06-02 00:00:00-04:00,19.557449340820312,648656000
2022-06-03 00:00:00-04:00,18.686992645263672,598779000
2022-06-06 00:00:00-04:00,18.75287628173828,422406000
2022-06-07 00:00:00-04:00,18.892627716064453,388914000
2022-06-08 00:00:00-04:00,18.61905288696289,363252000
2022-06-09 00:00:00-04:00,18.019981384277344,395574000
2022-06-10 00:00:00-04:00,16.947656631469727,465248000
2022-06-13 00:00:00-04:00,15.622712135314941,604153000
2022-06-14 00:00:00-04:00,15.811417579650879,469680000
2022-06-15 00:00:00-04:00,16.501346588134766,563936000
2022-06-16 00:00:00-04:00,15.576783180236816,545749000
2022-06-17 00:00:00-04:00,15.855350494384766,630334000
2022-06-21 00:00:00-04:00,16.5402889251709,483089000
2022-06-22 00:00:00-04:00,16.334606170654297,437135000
2022-06-23 00:00:00-04:00,16.199811935424805,463680000
2022-06-24 00:00:00-04:00,17.099414825439453,472153000
2022-06-27 00:00:00-04:00,16.842815399169922,427968000
2022-06-28 00:00:00-04:00,15.957191467285156,461149000
2022-06-29 00:00:00-04:00,15.517876625061035,482352000
2022-06-30 00:00:00-04:00,15.135467529296875,686070000
2022-07-01 00:00:00-04:00,14.500456809997559,577610000
2022-07-05 00:00:00-04:00,14.940773010253906,651397000
2022-07-06 00:00:00-04:00,15.106513977050781,529066000
2022-07-07 00:00:00-04:00,15.833383560180664,492903000
2022-07-08 00:00:00-04:00,15.813414573669434,467972000
2022-07-11 00:00:00-04:00,15.128479957580566,437321000
2022-07-12 00:00:00-04:00,15.058587074279785,458483000
2022-07-13 00:00:00-04:00,15.140460968017578,521918000
2022-07-14 00:00:00-04:00,15.348137855529785,456235000
2022-07-15 00:00:00-04:00,15.737534523010254,385935000
2022-07-18 00:00:00-04:00,16.076005935668945,670517000
2022-07-19 00:00:00-04:00,16.965625762939453,702366000
2022-07-20 00:00:00-04:00,17.77935791015625,760538000
2022-07-21 00:00:00-04:00,18.02198028564453,557049000
2022-07-22 00:00:00-04:00,17.292116165161133,536671000
2022-07-25 00:00:00-04:00,16.997570037841797,480748000
2022-07-26 00:00:00-04:00,16.507335662841797,397865000
2022-07-27 00:00:00-04:00,17.76238250732422,569776000
2022-07-28 00:00:00-04:00,17.95608139038086,474646000
2022-07-29 00:00:00-04:00,18.134803771972656,435460000
2022-08-01 00:00:00-04:00,18.412370681762695,476469000
2022-08-02 00:00:00-04:00,18.49724006652832,489527000
2022-08-03 00:00:00-04:00,18.86367416381836,418146000
2022-08-04 00:00:00-04:00,19.18517303466797,409652000
2022-08-05 00:00:00-04:00,18.959524154663086,386068000
2022-08-08 00:00:00-04:00,17.7653751373291,981859000
2022-08-09 00:00:00-04:00,17.059476852416992,668263000
2022-08-10 00:00:00-04:00,18.06890869140625,597422000
2022-08-11 00:00:00-04:00,17.914146423339844,509327000
2022-08-12 00:00:00-04:00,18.67995834350586,478094000
2022-08-15 00:00:00-04:00,19.002458572387695,457666000
2022-08-16 00:00:00-04:00,18.84969139099121,451240000
2022-08-17 00:00:00-04:00,18.30653953552246,446799000
2022-08-18 00:00:00-04:00,18.743860244750977,415447000
2022-08-19 00:00:00-04:00,17.8212947845459,441588000
2022-08-22 00:00:00-04:00,17.007558822631836,409593000
2022-08-23 00:00:00-04:00,17.154325485229492,369986000
2022-08-24 00:00:00-04:00,17.195266723632812,522661000
2022-08-25 00:00:00-04:00,17.885194778442383,770691000
2022-08-26 00:00:00-04:00,16.23476219177246,769127000
2022-08-29 00:00:00-04:00,15.776473045349121,496132000
2022-08-30 00:00:00-04:00,15.443989753723145,530181000
2022-08-31 00:00:00-04:00,15.070570945739746,573710000
2022-09-01 00:00:00-04:00,13.915367126464844,1178865000
2022-09-02 00:00:00-04:00,13.625815391540527,743157000
2022-09-06 00:00:00-04:00,13.444098472595215,535751000
2022-09-07 00:00:00-04:00,13.69678020477295,512657000
2022-09-08 00:00:00-04:00,13.972433090209961,624873000
2022-09-09 00:00:00-04:00,14.368936538696289,486612000
2022-09-12 00:00:00-04:00,14.486787796020508,484159000
2022-09-13 00:00:00-04:00,13.114511489868164,714956000
2022-09-14 00:00:00-04:00,13.111515998840332,588507000
2022-09-15 00:00:00-04:00,12.91276741027832,523625000
2022-09-16 00:00:00-04:00,13.181429862976074,670751000
2022-09-19 00:00:00-04:00,13.365199089050293,569685000
2022-09-20 00:00:00-04:00,13.159456253051758,524818000
2022-09-21 00:00:00-04:00,13.24435043334961,807679000
2022-09-22 00:00:00-04:00,12.5452299118042,759162000
2022-09-23 00:00:00-04:00,12.500286102294922,663309000
2022-09-26 00:00:00-04:00,12.212646484375,547343000
2022-09-27 00:00:00-04:00,12.39741325378418,553854000
2022-09-28 00:00:00-04:00,12.720009803771973,542414000
2022-09-29 00:00:00-04:00,12.204657554626465,532763000
2022-09-30 00:00:00-04:00,12.123759269714355,565638000
2022-10-03 00:00:00-04:00,12.496291160583496,547478000
2022-10-04 00:00:00-04:00,13.150467872619629,584182000
2022-10-05 00:00:00-04:00,13.192413330078125,507131000
2022-10-06 00:00:00-04:00,13.113512992858887,644157000
2022-10-07 00:00:00-04:00,12.060837745666504,672478000
2022-10-10 00:00:00-04:00,11.655346870422363,698699000
2022-10-11 00:00:00-04:00,11.571453094482422,667482000
2022-10-12 00:00:00-04:00,11.485560417175293,492590000
2022-10-13 00:00:00-04:00,11.94498348236084,850103000
2022-10-14 00:00:00-04:00,11.212904930114746,713432000
2022-10-17 00:00:00-04:00,11.87307357788086,580774000
2022-10-18 00:00:00-04:00,11.951973915100098,659362000
2022-10-19 00:00:00-04:00,12.035868644714355,523131000
2022-10-20 00:00:00-04:00,12.17868709564209,652398000
2022-10-21 00:00:00-04:00,12.450345039367676,609494000
2022-10-24 00:00:00-04:00,12.58318042755127,517457000
2022-10-25 00:00:00-04:00,13.24435043334961,505482000
2022-10-26 00:00:00-04:00,12.879807472229004,532953000
2022-10-27 00:00:00-04:00,13.159456253051758,583113000
2022-10-28 00:00:00-04:00,13.816630363464355,521040000
2022-10-31 00:00:00-04:00,13.480052947998047,486341000
2022-11-01 00:00:00-04:00,13.525996208190918,432817000
2022-11-02 00:00:00-04:00,13.202404022216797,672628000
2022-11-03 00:00:00-04:00,13.404147148132324,500065000
2022-11-04 00:00:00-04:00,14.138226509094238,612576000
2022-11-07 00:00:00-05:00,14.283042907714844,410061000
2022-11-08 00:00:00-05:00,14.583664894104004,595292000
2022-11-09 00:00:00-05:00,13.75870418548584,454414000
2022-11-10 00:00:00-05:00,15.730224609375,700819000
2022-11-11 00:00:00-05:00,16.306499481201172,655487000
2022-11-14 00:00:00-05:00,16.2745418548584,527852000
2022-11-15 00:00:00-05:00,16.645076751708984,545876000
2022-11-16 00:00:00-05:00,15.89002513885498,649547000
2022-11-17 00:00:00-05:00,15.657316207885742,710894000
2022-11-18 00:00:00-05:00,15.389652252197266,492072000
2022-11-21 00:00:00-05:00,15.297768592834473,404739000
2022-11-22 00:00:00-05:00,16.017864227294922,472866000
2022-11-23 00:00:00-05:00,16.498260498046875,427241000
2022-11-25 00:00:00-05:00,16.249570846557617,167934000
2022-11-28 00:00:00-05:00,15.807129859924316,303741000
2022-11-29 00:00:00-05:00,15.619364738464355,298384000
2022-11-30 00:00:00-05:00,16.906076431274414,565298000
2022-12-01 00:00:00-05:00,17.11786460876465,470977000
2022-12-02 00:00:00-05:00,16.85912322998047,371389000
2022-12-05 00:00:00-05:00,16.593387603759766,352255000
2022-12-06 00:00:00-05:00,15.971012115478516,352694000
2022-12-07 00:00:00-05:00,16.1038818359375,372388000
2022-12-08 00:00:00-05:00,17.151832580566406,515456000
2022-12-09 00:00:00-05:00,16.983997344970703,465338000
2022-12-12 00:00:00-05:00,17.517465591430664,457328000
2022-12-13 00:00:00-05:00,18.053926467895508,656589000
2022-12-14 00:00:00-05:00,17.656326293945312,496888000
2022-12-15 00:00:00-05:00,16.93504524230957,478542000
2022-12-16 00:00:00-05:00,16.55442237854004,478232000
2022-12-19 00:00:00-05:00,16.23774528503418,354039000
2022-12-20 00:00:00-05:00,16.06891441345215,403260000
2022-12-21 00:00:00-05:00,16.484498977661133,325025000
2022-12-22 00:00:00-05:00,15.323660850524902,565045000
2022-12-23 00:00:00-05:00,15.19079303741455,349326000
2022-12-27 00:00:00-05:00,14.106878280639648,464902000
2022-12-28 00:00:00-05:00,14.021964073181152,351066000
2022-12-29 00:00:00-05:00,14.588395118713379,354923000
2022-12-30 00:00:00-05:00,14.599383354187012,310490000
2023-01-03 00:00:00-05:00,14.300683975219727,401277000
2023-01-04 00:00:00-05:00,14.73425006866455,431324000
2023-01-05 00:00:00-05:00,14.250734329223633,389168000
2023-01-06 00:00:00-05:00,14.844139099121094,405044000
2023-01-09 00:00:00-05:00,15.612369537353516,504231000
2023-01-10 00:00:00-05:00,15.89309024810791,384101000
2023-01-11 00:00:00-05:00,15.98499584197998,353285000
2023-01-12 00:00:00-05:00,16.49448585510254,551409000
2023-01-13 00:00:00-05:00,16.88210105895996,447287000
2023-01-17 00:00:00-05:00,17.68429946899414,511102000
2023-01-18 00:00:00-05:00,17.359621047973633,439624000
2023-01-19 00:00:00-05:00,16.748233795166016,452932000
2023-01-20 00:00:00-05:00,17.8211612701416,564967000
2023-01-23 00:00:00-05:00,19.173809051513672,655163000
2023-01-24 00:00:00-05:00,19.245731353759766,496204000
2023-01-25 00:00:00-05:00,19.303678512573242,449537000
2023-01-26 00:00:00-05:00,19.782196044921875,489535000
2023-01-27 00:00:00-05:00,20.34463119506836,542142000
2023-01-30 00:00:00-05:00,19.142837524414062,488611000
2023-01-31 00:00:00-05:00,19.51746368408203,498017000
2023-02-01 00:00:00-05:00,20.922056198120117,660477000
2023-02-02 00:00:00-05:00,21.687292098999023,564276000
2023-02-03 00:00:00-05:00,21.07889747619629,429366000
2023-02-06 00:00:00-05:00,21.067909240722656,452197000
2023-02-07 00:00:00-05:00,22.15082359313965,664150000
2023-02-08 00:00:00-05:00,22.18279457092285,559651000
2023-02-09 00:00:00-05:00,22.314661026000977,523876000
2023-02-10 00:00:00-05:00,21.243730545043945,550737000
2023-02-13 00:00:00-05:00,21.766212463378906,474919000
2023-02-14 00:00:00-05:00,22.948028564453125,675474000
2023-02-15 00:00:00-05:00,22.741233825683594,420575000
2023-02-16 00:00:00-05:00,21.979995727539062,412026000
2023-02-17 00:00:00-05:00,21.366609573364258,465888000
2023-02-21 00:00:00-05:00,20.634340286254883,410015000
2023-02-22 00:00:00-05:00,20.733245849609375,513184000
2023-02-23 00:00:00-05:00,23.64033317565918,1117995000
2023-02-24 00:00:00-05:00,23.262710571289062,589716000
2023-02-27 00:00:00-05:00,23.477497100830078,452994000
2023-02-28 00:00:00-05:00,23.19278335571289,455963000
2023-03-01 00:00:00-05:00,22.675302505493164,460026000
2023-03-02 00:00:00-05:00,23.29068374633789,389415000
2023-03-03 00:00:00-05:00,23.866104125976562,412393000
2023-03-06 00:00:00-05:00,23.530445098876953,437429000
2023-03-07 00:00:00-05:00,23.268659591674805,515154000
2023-03-08 00:00:00-05:00,24.160919189453125,513573000
2023-03-09 00:00:00-05:00,23.416540145874023,501257000
2023-03-10 00:00:00-05:00,22.9459285736084,474866000
2023-03-13 00:00:00-04:00,22.946928024291992,421890000
2023-03-14 00:00:00-04:00,24.043018341064453,474910000
2023-03-15 00:00:00-04:00,24.207881927490234,524486000
2023-03-16 00:00:00-04:00,25.51978874206543,583253000
2023-03-17 00:00:00-04:00,25.703638076782227,848547000
2023-03-20 00:00:00-04:00,25.87849235534668,432747000
2023-03-21 00:00:00-04:00,26.17724609375,547408000
2023-03-22 00:00:00-04:00,26.446022033691406,797295000
2023-03-23 00:00:00-04:00,27.168418884277344,564889000
2023-03-24 00:00:00-04:00,26.75676155090332,454920000
2023-03-27 00:00:00-04:00,26.50897216796875,361026000
2023-03-28 00:00:00-04:00,26.3880672454834,356104000
2023-03-29 00:00:00-04:00,26.961591720581055,393694000
2023-03-30 00:00:00-04:00,27.360261917114258,364516000
2023-03-31 00:00:00-04:00,27.75393295288086,433933000
2023-04-03 00:00:00-04:00,27.94178009033203,398716000
2023-04-04 00:00:00-04:00,27.430204391479492,368592000
2023-04-05 00:00:00-04:00,26.858678817749023,515015000
2023-04-06 00:00:00-04:00,27.01454734802246,397654000
2023-04-10 00:00:00-04:00,27.55609893798828,395279000
2023-04-11 00:00:00-04:00,27.14643669128418,314378000
2023-04-12 00:00:00-04:00,26.472999572753906,446259000
2023-04-13 00:00:00-04:00,26.441022872924805,353615000
2023-04-14 00:00:00-04:00,26.735776901245117,395660000
2023-04-17 00:00:00-04:00,26.979578018188477,321471000
2023-04-18 00:00:00-04:00,27.644027709960938,604812000
2023-04-19 00:00:00-04:00,27.907804489135742,358660000
2023-04-20 00:00:00-04:00,27.081491470336914,427713000
2023-04-21 00:00:00-04:00,27.096481323242188,345103000
2023-04-24 00:00:00-04:00,27.01954460144043,339282000
2023-04-25 00:00:00-04:00,26.219207763671875,378527000
2023-04-26 00:00:00-04:00,26.93361473083496,406337000
2023-04-27 00:00:00-04:00,27.20339584350586,377161000
2023-04-28 00:00:00-04:00,27.725955963134766,292216000
2023-05-01 00:00:00-04:00,28.8859920501709,570329000
2023-05-02 00:00:00-04:00,28.18657112121582,402730000
2023-05-03 00:00:00-04:00,27.778915405273438,383387000
2023-05-04 00:00:00-04:00,27.539112091064453,321850000
2023-05-05 00:00:00-04:00,28.656187057495117,361494000
2023-05-08 00:00:00-04:00,29.126794815063477,344979000
2023-05-09 00:00:00-04:00,28.54727554321289,314869000
2023-05-10 00:00:00-04:00,28.86101722717285,369350000
2023-05-11 00:00:00-04:00,28.55426597595215,322149000
2023-05-12 00:00:00-04:00,28.31646728515625,274222000
2023-05-15 00:00:00-04:00,28.928953170776367,293926000
2023-05-16 00:00:00-04:00,29.188743591308594,449405000
2023-05-17 00:00:00-04:00,30.15294075012207,432535000
2023-05-18 00:00:00-04:00,31.651695251464844,748725000
2023-05-19 00:00:00-04:00,31.238040924072266,473908000
2023-05-22 00:00:00-04:00,31.15011215209961,372000000
2023-05-23 00:00:00-04:00,30.662517547607422,356253000
2023-05-24 00:00:00-04:00,30.51264190673828,721419000
2023-05-25 00:00:00-04:00,37.948463439941406,1543911000
2023-05-26 00:00:00-04:00,38.91365432739258,714397000
2023-05-30 00:00:00-04:00,40.07769012451172,923401000
2023-05-31 00:00:00-04:00,37.802574157714844,1002580000
2023-06-01 00:00:00-04:00,39.736976623535156,635873000
2023-06-02 00:00:00-04:00,39.29433822631836,482731000
2023-06-05 00:00:00-04:00,39.13847732543945,396094000
2023-06-06 00:00:00-04:00,38.62190628051758,388729000
2023-06-07 00:00:00-04:00,37.447750091552734,511998000
2023-06-08 00:00:00-04:00,38.48200225830078,417772000
2023-06-09 00:00:00-04:00,38.7418098449707,427717000
2023-06-12 00:00:00-04:00,39.45328903198242,388701000
2023-06-13 00:00:00-04:00,40.9921760559082,613208000
2023-06-14 00:00:00-04:00,42.96574020385742,740465000
2023-06-15 00:00:00-04:00,42.62199401855469,568622000
2023-06-16 00:00:00-04:00,42.66096115112305,655709000
2023-06-20 00:00:00-04:00,43.776153564453125,451153000
2023-06-21 00:00:00-04:00,43.01370620727539,551603000
2023-06-22 00:00:00-04:00,42.99372100830078,417737000
2023-06-23 00:00:00-04:00,42.178314208984375,358140000
2023-06-26 00:00:00-04:00,40.60246276855469,594322000
2023-06-27 00:00:00-04:00,41.84555435180664,462175000
2023-06-28 00:00:00-04:00,41.08711242675781,582639000
2023-06-29 00:00:00-04:00,40.792320251464844,380514000
2023-06-30 00:00:00-04:00,42.271240234375,501148000
2023-07-03 00:00:00-04:00,42.382164001464844,198209000
2023-07-05 00:00:00-04:00,42.2862434387207,323618000
2023-07-06 00:00:00-04:00,42.07239532470703,303582000
2023-07-07 00:00:00-04:00,42.47209930419922,355881000
2023-07-10 00:00:00-04:00,42.14933395385742,353908000
2023-07-11 00:00:00-04:00,42.37417221069336,298244000
2023-07-12 00:00:00-04:00,43.87008285522461,481277000
2023-07-13 00:00:00-04:00,45.943580627441406,478204000
2023-07-14 00:00:00-04:00,45.43594741821289,772075000
2023-07-17 00:00:00-04:00,46.427223205566406,510488000
2023-07-18 00:00:00-04:00,47.459468841552734,569164000
2023-07-19 00:00:00-04:00,47.04276657104492,427502000
2023-07-20 00:00:00-04:00,45.486907958984375,537865000
2023-07-21 00:00:00-04:00,44.27678680419922,963769000
2023-07-24 00:00:00-04:00,44.579559326171875,382516000
2023-07-25 00:00:00-04:00,45.64579391479492,348081000
2023-07-26 00:00:00-04:00,45.41896057128906,364237000
2023-07-27 00:00:00-04:00,45.866634368896484,455976000
2023-07-28 00:00:00-04:00,46.716007232666016,331194000
2023-07-31 00:00:00-04:00,46.695030212402344,251055000
2023-08-01 00:00:00-04:00,46.47319030761719,237858000
2023-08-02 00:00:00-04:00,44.23681640625,530142000
2023-08-03 00:00:00-04:00,44.48263931274414,324176000
2023-08-04 00:00:00-04:00,44.64752197265625,362666000
2023-08-07 00:00:00-04:00,45.38397979736328,322154000
2023-08-08 00:00:00-04:00,44.631526947021484,353843000
2023-08-09 00:00:00-04:00,42.52306365966797,586449000
2023-08-10 00:00:00-04:00,42.357181549072266,492705000
2023-08-11 00:00:00-04:00,40.825294494628906,533085000
2023-08-14 00:00:00-04:00,43.721195220947266,690286000
2023-08-15 00:00:00-04:00,43.90805435180664,676512000
2023-08-16 00:00:00-04:00,43.45439147949219,527451000
2023-08-17 00:00:00-04:00,43.31249237060547,452395000
2023-08-18 00:00:00-04:00,43.26752471923828,583768000
2023-08-21 00:00:00-04:00,46.93285369873047,692573000
2023-08-22 00:00:00-04:00,45.634796142578125,755293000
2023-08-23 00:00:00-04:00,47.08175277709961,779046000
2023-08-24 00:00:00-04:00,47.12870788574219,1156044000
2023-08-25 00:00:00-04:00,45.98454666137695,925341000
2023-08-28 00:00:00-04:00,46.80095291137695,685192000
2023-08-29 00:00:00-04:00,48.748531341552734,701397000
2023-08-30 00:00:00-04:00,49.228179931640625,735206000
2023-08-31 00:00:00-04:00,49.31911849975586,528570000
2023-09-01 00:00:00-04:00,48.47372817993164,463830000
2023-09-05 00:00:00-04:00,48.5127067565918,382653000
2023-09-06 00:00:00-04:00,47.030662536621094,468670000
2023-09-07 00:00:00-04:00,46.21118927001953,433330000
2023-09-08 00:00:00-04:00,45.542625427246094,473069000
2023-09-11 00:00:00-04:00,45.14887619018555,473966000
2023-09-12 00:00:00-04:00,44.841068267822266,349256000
2023-09-13 00:00:00-04:00,45.45568084716797,398355000
2023-09-14 00:00:00-04:00,45.55161666870117,370097000
2023-09-15 00:00:00-04:00,43.871700286865234,506831000
2023-09-18 00:00:00-04:00,43.937652587890625,500271000
2023-09-19 00:00:00-04:00,43.491943359375,373064000
2023-09-20 00:00:00-04:00,42.211769104003906,367108000
2023-09-21 00:00:00-04:00,40.99055862426758,450736000
2023-09-22 00:00:00-04:00,41.58317565917969,479236000
2023-09-25 00:00:00-04:00,42.19477844238281,419091000
2023-09-26 00:00:00-04:00,41.88398361206055,402282000
2023-09-27 00:00:00-04:00,42.44062042236328,444935000
2023-09-28 00:00:00-04:00,43.061214447021484,424663000
2023-09-29 00:00:00-04:00,43.470951080322266,397830000
2023-10-02 00:00:00-04:00,44.75312805175781,433298000
2023-10-03 00:00:00-04:00,43.48894119262695,470850000
2023-10-04 00:00:00-04:00,44.012603759765625,361821000
2023-10-05 00:00:00-04:00,44.65919494628906,393483000
2023-10-06 00:00:00-04:00,45.73250198364258,434436000
2023-10-09 00:00:00-04:00,45.243804931640625,409675000
2023-10-10 00:00:00-04:00,45.76847457885742,368582000
2023-10-11 00:00:00-04:00,46.775821685791016,378137000
2023-10-12 00:00:00-04:00,46.914737701416016,481325000
2023-10-13 00:00:00-04:00,45.43169021606445,474115000
2023-10-16 00:00:00-04:00,46.065284729003906,375099000
2023-10-17 00:00:00-04:00,43.909671783447266,812333000
2023-10-18 00:00:00-04:00,42.16879653930664,627294000
2023-10-19 00:00:00-04:00,42.0738639831543,501233000
2023-10-20 00:00:00-04:00,41.360328674316406,477266000
2023-10-23 00:00:00-04:00,42.947296142578125,478530000
2023-10-24 00:00:00-04:00,43.634849548339844,401463000
2023-10-25 00:00:00-04:00,41.7520637512207,398379000
2023-10-26 00:00:00-04:00,40.30000305175781,541001000
2023-10-27 00:00:00-04:00,40.47389221191406,416784000
2023-10-30 00:00:00-04:00,41.13446807861328,388028000
2023-10-31 00:00:00-04:00,40.75371551513672,517969000
2023-11-01 00:00:00-04:00,42.29772186279297,437593000
2023-11-02 00:00:00-04:00,43.47794723510742,409172000
2023-11-03 00:00:00-04:00,44.975982666015625,424610000
2023-11-06 00:00:00-05:00,45.721500396728516,400733000
2023-11-07 00:00:00-05:00,45.925376892089844,343165000
2023-11-08 00:00:00-05:00,46.543968200683594,346719000
2023-11-09 00:00:00-05:00,46.91973114013672,540496000
2023-11-10 00:00:00-05:00,48.303836822509766,421245000
2023-11-13 00:00:00-05:00,48.588653564453125,384136000
2023-11-14 00:00:00-05:00,49.62398147583008,416954000
2023-11-15 00:00:00-05:00,48.856483459472656,475497000
2023-11-16 00:00:00-05:00,49.448097229003906,339756000
2023-11-17 00:00:00-05:00,49.2662239074707,325205000
2023-11-20 00:00:00-05:00,50.37650680541992,414120000
2023-11-21 00:00:00-05:00,49.911800384521484,565747000
2023-11-22 00:00:00-05:00,48.68458938598633,899420000
2023-11-24 00:00:00-05:00,47.74519729614258,294645000
2023-11-27 00:00:00-05:00,48.210899353027344,395662000
2023-11-28 00:00:00-05:00,47.790164947509766,401491000
2023-11-29 00:00:00-05:00,48.108970642089844,382005000
2023-11-30 00:00:00-05:00,46.73985290527344,526247000
2023-12-01 00:00:00-05:00,46.7348518371582,369317000
2023-12-04 00:00:00-05:00,45.48065948486328,437543000
2023-12-05 00:00:00-05:00,46.54007339477539,371718000
2023-12-06 00:00:00-05:00,45.477657318115234,380590000
2023-12-07 00:00:00-05:00,46.5700569152832,350823000
2023-12-08 00:00:00-05:00,47.47954559326172,359224000
2023-12-11 00:00:00-05:00,46.601036071777344,509728000
2023-12-12 00:00:00-05:00,47.63046646118164,372387000
2023-12-13 00:00:00-05:00,48.06122589111328,447792000
2023-12-14 00:00:00-05:00,48.32307815551758,391232000
2023-12-15 00:00:00-05:00,48.86277770996094,479948000
2023-12-18 00:00:00-05:00,50.04911804199219,412587000
2023-12-19 00:00:00-05:00,49.57637405395508,464444000
2023-12-20 00:00:00-05:00,48.084205627441406,397894000
2023-12-21 00:00:00-05:00,48.96271896362305,300425000
2023-12-22 00:00:00-05:00,48.802818298339844,252507000
2023-12-26 00:00:00-05:00,49.25156021118164,244200000
2023-12-27 00:00:00-05:00,49.389488220214844,233648000
2023-12-28 00:00:00-05:00,49.494422912597656,246587000
2023-12-29 00:00:00-05:00,49.494422912597656,389293000
2024-01-02 00:00:00-05:00,48.14117431640625,411254000
2024-01-03 00:00:00-05:00,47.54251480102539,320896000
2024-01-04 00:00:00-05:00,47.971275329589844,306535000
2024-01-05 00:00:00-05:00,49.069664001464844,415039000
2024-01-08 00:00:00-05:00,52.22390365600586,642510000
2024-01-09 00:00:00-05:00,53.11041259765625,773100000
2024-01-10 00:00:00-05:00,54.31973648071289,533796000
2024-01-11 00:00:00-05:00,54.791473388671875,596759000
2024-01-12 00:00:00-05:00,54.679534912109375,352994000
2024-01-16 00:00:00-05:00,56.35060501098633,449580000
2024-01-17 00:00:00-05:00,56.021793365478516,474394000
2024-01-18 00:00:00-05:00,57.07520294189453,491650000
2024-01-19 00:00:00-05:00,59.4578742980957,543501000
2024-01-22 00:00:00-05:00,59.620784759521484,452955000
2024-01-23 00:00:00-05:00,59.83966064453125,294654000
2024-01-24 00:00:00-05:00,61.32783126831055,560271000
2024-01-25 00:00:00-05:00,61.58269119262695,482777000
2024-01-26 00:00:00-05:00,60.99701690673828,390309000
2024-01-29 00:00:00-05:00,62.43021774291992,348733000
2024-01-30 00:00:00-05:00,62.739044189453125,410735000
2024-01-31 00:00:00-05:00,61.49273681640625,453795000
2024-02-01 00:00:00-05:00,62.991905212402344,369146000
2024-02-02 00:00:00-05:00,66.1231689453125,476578000
2024-02-05 00:00:00-05:00,69.29339599609375,680078000
2024-02-06 00:00:00-05:00,68.18502044677734,683111000
2024-02-07 00:00:00-05:00,70.0599594116211,495575000
2024-02-08 00:00:00-05:00,69.60222625732422,414422000
2024-02-09 00:00:00-05:00,72.09284210205078,436637000
2024-02-12 00:00:00-05:00,72.20777130126953,613710000
2024-02-13 00:00:00-05:00,72.08785247802734,602580000
2024-02-14 00:00:00-05:00,73.85885620117188,504917000
2024-02-15 00:00:00-05:00,72.61753845214844,420122000
2024-02-16 00:00:00-05:00,72.57256317138672,495327000
2024-02-20 00:00:00-05:00,69.413330078125,704833000
2024-02-21 00:00:00-05:00,67.43444061279297,673755000
2024-02-22 00:00:00-05:00,78.49427795410156,865100000
2024-02-23 00:00:00-05:00,78.77311706542969,829388000
2024-02-26 00:00:00-05:00,79.0479736328125,503973000
2024-02-27 00:00:00-05:00,78.65718078613281,391705000
2024-02-28 00:00:00-05:00,77.6197509765625,393110000
2024-02-29 00:00:00-05:00,79.06795501708984,507289000
2024-03-01 00:00:00-05:00,82.2331771850586,479135000
2024-03-04 00:00:00-05:00,85.18952941894531,615616000
2024-03-05 00:00:00-05:00,85.92017364501953,520639000
2024-03-06 00:00:00-05:00,88.65476989746094,582520000
2024-03-07 00:00:00-05:00,92.62174224853516,608119000
2024-03-08 00:00:00-05:00,87.48336029052734,1142269000
2024-03-11 00:00:00-04:00,85.73025512695312,678364000
2024-03-12 00:00:00-04:00,91.86612701416016,668075000
2024-03-13 00:00:00-04:00,90.84165954589844,635713000
2024-03-14 00:00:00-04:00,87.8991470336914,602318000
2024-03-15 00:00:00-04:00,87.79220581054688,642086000
2024-03-18 00:00:00-04:00,88.40990447998047,668976000
2024-03-19 00:00:00-04:00,89.35242462158203,672171000
2024-03-20 00:00:00-04:00,90.32592010498047,479063000
2024-03-21 00:00:00-04:00,91.38836669921875,480372000
2024-03-22 00:00:00-04:00,94.24092102050781,586719000
2024-03-25 00:00:00-04:00,94.95354461669922,552136000
2024-03-26 00:00:00-04:00,92.51380920410156,513648000
2024-03-27 00:00:00-04:00,90.2039794921875,586067000
2024-03-28 00:00:00-04:00,90.30992126464844,435212000
2024-04-01 00:00:00-04:00,90.3169174194336,452441000
2024-04-02 00:00:00-04:00,89.40638732910156,433064000
2024-04-03 00:00:00-04:00,88.91863250732422,370067000
2024-04-04 00:00:00-04:00,85.8611831665039,434965000
2024-04-05 00:00:00-04:00,87.96312713623047,399678000
2024-04-08 00:00:00-04:00,87.08856964111328,283220000
2024-04-09 00:00:00-04:00,85.31046295166016,501700000
2024-04-10 00:00:00-04:00,86.99462127685547,431929000
2024-04-11 00:00:00-04:00,90.56979370117188,431637000
2024-04-12 00:00:00-04:00,88.14102935791016,426805000
2024-04-15 00:00:00-04:00,85.95714569091797,443077000
2024-04-16 00:00:00-04:00,87.37042999267578,370453000
2024-04-17 00:00:00-04:00,83.99214172363281,495400000
2024-04-18 00:00:00-04:00,84.6278076171875,447260000
2024-04-19 00:00:00-04:00,76.16114807128906,875198000
2024-04-22 00:00:00-04:00,79.47745513916016,596341000
2024-04-23 00:00:00-04:00,82.38097381591797,438559000
2024-04-24 00:00:00-04:00,79.63636779785156,512208000
2024-04-25 00:00:00-04:00,82.5898666381836,424641000
2024-04-26 00:00:00-04:00,87.69026947021484,551011000
2024-04-29 00:00:00-04:00,87.7122573852539,388971000
2024-04-30 00:00:00-04:00,86.35795593261719,363709000
2024-05-01 00:00:00-04:00,82.99864959716797,559863000
2024-05-02 00:00:00-04:00,85.77323913574219,377898000
2024-05-03 00:00:00-04:00,88.74372100830078,398341000
2024-05-06 00:00:00-04:00,92.093017578125,376203000
2024-05-07 00:00:00-04:00,90.50782012939453,437342000
2024-05-08 00:00:00-04:00,90.36589813232422,325721000
2024-05-09 00:00:00-04:00,88.70174407958984,378013000
2024-05-10 00:00:00-04:00,89.83216094970703,335325000
2024-05-13 00:00:00-04:00,90.35291290283203,289680000
2024-05-14 00:00:00-04:00,91.30941772460938,296507000
2024-05-15 00:00:00-04:00,94.58174896240234,417735000
2024-05-16 00:00:00-04:00,94.3108901977539,323952000
2024-05-17 00:00:00-04:00,92.43183898925781,359691000
2024-05-20 00:00:00-04:00,94.73167419433594,318764000
2024-05-21 00:00:00-04:00,95.33735656738281,328946000
2024-05-22 00:00:00-04:00,94.9015884399414,548648000
2024-05-23 00:00:00-04:00,103.74607849121094,835065000
2024-05-24 00:00:00-04:00,106.41471099853516,429494000
2024-05-28 00:00:00-04:00,113.8429183959961,652728000
2024-05-29 00:00:00-04:00,114.76644134521484,557442000
2024-05-30 00:00:00-04:00,110.44364929199219,484553000
2024-05-31 00:00:00-04:00,109.57709503173828,613263000
2024-06-03 00:00:00-04:00,114.94134521484375,438392000
2024-06-04 00:00:00-04:00,116.37762451171875,403324000
2024-06-05 00:00:00-04:00,122.3775634765625,528402000
2024-06-06 00:00:00-04:00,120.93629455566406,664696000
2024-06-07 00:00:00-04:00,120.82635498046875,412386000
2024-06-10 00:00:00-04:00,121.72789764404297,313434100
2024-06-11 00:00:00-04:00,120.85828399658203,222551200
2024-06-12 00:00:00-04:00,125.14643859863281,299595000
2024-06-13 00:00:00-04:00,129.55455017089844,260704500
2024-06-14 00:00:00-04:00,131.82357788085938,309320400
2024-06-17 00:00:00-04:00,130.92396545410156,288504400
2024-06-18 00:00:00-04:00,135.52198791503906,294335100
2024-06-20 00:00:00-04:00,130.7240447998047,517768400
2024-06-21 00:00:00-04:00,126.51586151123047,649445800
2024-06-24 00:00:00-04:00,118.05945587158203,476060900
2024-06-25 00:00:00-04:00,126.03604125976562,414192600
2024-06-26 00:00:00-04:00,126.3459243774414,362975900
2024-06-27 00:00:00-04:00,123.93695068359375,252571700
2024-06-28 00:00:00-04:00,123.48714447021484,315516700
2024-07-01 00:00:00-04:00,124.246826171875,284885500
2024-07-02 00:00:00-04:00,122.61752319335938,218374000
2024-07-03 00:00:00-04:00,128.22511291503906,215749000
2024-07-05 00:00:00-04:00,125.77616882324219,214176700
2024-07-08 00:00:00-04:00,128.1451416015625,237677300
2024-07-09 00:00:00-04:00,131.3238067626953,285366600
2024-07-10 00:00:00-04:00,134.852294921875,248978600
2024-07-11 00:00:00-04:00,127.34550476074219,374782700
2024-07-12 00:00:00-04:00,129.18472290039062,252680500
2024-07-15 00:00:00-04:00,128.3850555419922,208326200
2024-07-16 00:00:00-04:00,126.30593872070312,214769500
2024-07-17 00:00:00-04:00,117.93951416015625,390086200
2024-07-18 00:00:00-04:00,121.03819274902344,320979500
2024-07-19 00:00:00-04:00,117.87955474853516,217223800
2024-07-22 00:00:00-04:00,123.48714447021484,258068900
2024-07-23 00:00:00-04:00,122.53755187988281,173911000
2024-07-24 00:00:00-04:00,114.20111846923828,327776900
2024-07-25 00:00:00-04:00,112.23196411132812,460067000
2024-07-26 00:00:00-04:00,113.01162719726562,293399100
2024-07-29 00:00:00-04:00,111.54225158691406,248152100
2024-07-30 00:00:00-04:00,103.68562316894531,486833300
2024-07-31 00:00:00-04:00,116.96993255615234,473174200
2024-08-01 00:00:00-04:00,109.16327667236328,523462300
2024-08-02 00:00:00-04:00,107.2240982055664,482027500
2024-08-05 00:00:00-04:00,100.40702056884766,552842400
2024-08-06 00:00:00-04:00,104.20539855957031,409012100
2024-08-07 00:00:00-04:00,98.86769104003906,411440400
2024-08-08 00:00:00-04:00,104.92509460449219,391910000
2024-08-09 00:00:00-04:00,104.70519256591797,290844200
2024-08-12 00:00:00-04:00,108.97335815429688,325559900
2024-08-13 00:00:00-04:00,116.0903091430664,312646700
2024-08-14 00:00:00-04:00,118.02949523925781,339246400
2024-08-15 00:00:00-04:00,122.80743408203125,318086700
2024-08-16 00:00:00-04:00,124.5267105102539,302589900
2024-08-19 00:00:00-04:00,129.94439697265625,318333600
2024-08-20 00:00:00-04:00,127.19556427001953,300087400
2024-08-21 00:00:00-04:00,128.4450225830078,257883600
2024-08-22 00:00:00-04:00,123.68705749511719,376189100
2024-08-23 00:00:00-04:00,129.31463623046875,323230300
2024-08-26 00:00:00-04:00,126.40589904785156,331964700
2024-08-27 00:00:00-04:00,128.2451171875,303134600
2024-08-28 00:00:00-04:00,125.55626678466797,448101100
2024-08-29 00:00:00-04:00,117.53968811035156,453023300
2024-08-30 00:00:00-04:00,119.31893157958984,333751600
2024-09-03 00:00:00-04:00,107.95379638671875,477155100
2024-09-04 00:00:00-04:00,106.16455841064453,372470300
2024-09-05 00:00:00-04:00,107.16413116455078,306850700
2024-09-06 00:00:00-04:00,102.7860107421875,413638100
2024-09-09 00:00:00-04:00,106.42444610595703,273912000
2024-09-10 00:00:00-04:00,108.05374908447266,268283700
2024-09-11 00:00:00-04:00,116.8599853515625,441422400
2024-09-12 00:00:00-04:00,119.0992202758789,366052700
2024-09-13 00:00:00-04:00,119.0592269897461,238358300
2024-09-16 00:00:00-04:00,116.74002075195312,248772300
2024-09-17 00:00:00-04:00,115.55043029785156,231925900
2024-09-18 00:00:00-04:00,113.33119201660156,310318900
2024-09-19 00:00:00-04:00,117.82964324951172,293506400
2024-09-20 00:00:00-04:00,115.96028900146484,382462400
2024-09-23 00:00:00-04:00,116.22020721435547,206228500
2024-09-24 00:00:00-04:00,120.82862091064453,354966800
2024-09-25 00:00:00-04:00,123.46772003173828,284692900
2024-09-26 00:00:00-04:00,123.99754333496094,302582900
2024-09-27 00:00:00-04:00,121.35844421386719,271009200
2024-09-30 00:00:00-04:00,121.39842987060547,226553700
2024-10-01 00:00:00-04:00,116.95994567871094,302094500
2024-10-02 00:00:00-04:00,118.80931854248047,221845900
2024-10-03 00:00:00-04:00,122.80794525146484,277118000
2024-10-04 00:00:00-04:00,124.87723541259766,243678100
2024-10-07 00:00:00-04:00,127.67628479003906,346250200
2024-10-08 00:00:00-04:00,132.84449768066406,285722500
2024-10-09 00:00:00-04:00,132.60458374023438,246191600
2024-10-10 00:00:00-04:00,134.76385498046875,242311300
2024-10-11 00:00:00-04:00,134.7538604736328,170209500
2024-10-14 00:00:00-04:00,138.0227508544922,232347700
2024-10-15 00:00:00-04:00,131.55496215820312,377831000
2024-10-16 00:00:00-04:00,135.6735382080078,264879700
2024-10-17 00:00:00-04:00,136.88311767578125,306435900
2024-10-18 00:00:00-04:00,137.9527587890625,176090200
2024-10-21 00:00:00-04:00,143.6608123779297,264554500
2024-10-22 00:00:00-04:00,143.54086303710938,226311600
2024-10-23 00:00:00-04:00,139.51222229003906,285930000
2024-10-24 00:00:00-04:00,140.3619384765625,172354900
2024-10-25 00:00:00-04:00,141.49154663085938,205122100
2024-10-28 00:00:00-04:00,140.47189331054688,173586700
2024-10-29 00:00:00-04:00,141.20164489746094,157593600
2024-10-30 00:00:00-04:00,139.29229736328125,179418100
2024-10-31 00:00:00-04:00,132.71456909179688,270039600
2024-11-01 00:00:00-04:00,135.35365295410156,207127800
2024-11-04 00:00:00-05:00,136.00343322753906,187528200
2024-11-05 00:00:00-05:00,139.8621063232422,160537400
2024-11-06 00:00:00-05:00,145.56015014648438,242043900
2024-11-07 00:00:00-05:00,148.8290557861328,207323300
2024-11-08 00:00:00-05:00,147.57945251464844,175665800
2024-11-11 00:00:00-05:00,145.21026611328125,182325600
2024-11-12 00:00:00-05:00,148.2392120361328,198634700
2024-11-13 00:00:00-05:00,146.2199249267578,191903300
2024-11-14 00:00:00-05:00,146.7097625732422,194463300
2024-11-15 00:00:00-05:00,141.93138122558594,250132900
2024-11-18 00:00:00-05:00,140.1020050048828,221205300
2024-11-19 00:00:00-05:00,146.9596710205078,227834900
2024-11-20 00:00:00-05:00,145.84005737304688,309871700
2024-11-21 00:00:00-05:00,146.6197967529297,400946600
2024-11-22 00:00:00-05:00,141.9014129638672,236406200
2024-11-25 00:00:00-05:00,135.97344970703125,344941900
2024-11-26 00:00:00-05:00,136.87313842773438,190287700
2024-11-27 00:00:00-05:00,135.2936553955078,226370900
2024-11-29 00:00:00-05:00,138.2026824951172,141863200
2024-12-02 00:00:00-05:00,138.58255004882812,171682800
2024-12-03 00:00:00-05:00,140.2119903564453,164414000
2024-12-04 00:00:00-05:00,145.09033203125,231224300
2024-12-05 00:00:00-05:00,145.0203399658203,172621200
2024-12-06 00:00:00-05:00,142.40106201171875,188505600
2024-12-09 00:00:00-05:00,138.77203369140625,189308600
2024-12-10 00:00:00-05:00,135.03306579589844,210020900
2024-12-11 00:00:00-05:00,139.2718963623047,184905200
2024-12-12 00:00:00-05:00,137.3024444580078,159211400
2024-12-13 00:00:00-05:00,134.21328735351562,231514900
2024-12-16 00:00:00-05:00,131.96388244628906,237951100
2024-12-17 00:00:00-05:00,130.35433959960938,259410300
2024-12-18 00:00:00-05:00,128.874755859375,277444500
2024-12-19 00:00:00-05:00,130.6442413330078,209719200
2024-12-20 00:00:00-05:00,134.6631622314453,306528600
2024-12-23 00:00:00-05:00,139.6317901611328,176053500
2024-12-24 00:00:00-05:00,140.18165588378906,105157000
2024-12-26 00:00:00-05:00,139.89173889160156,116205600
2024-12-27 00:00:00-05:00,136.97251892089844,170582600
2024-12-30 00:00:00-05:00,137.452392578125,167734700
2024-12-31 00:00:00-05:00,134.25328063964844,155659200
2025-01-02 00:00:00-05:00,138.2721710205078,198247200
2025-01-03 00:00:00-05:00,144.4304962158203,229322500
2025-01-06 00:00:00-05:00,149.38912963867188,265377400
2025-01-07 00:00:00-05:00,140.10166931152344,351782200
2025-01-08 00:00:00-05:00,140.07168579101562,227349900
2025-01-10 00:00:00-05:00,135.8728485107422,207602500
2025-01-13 00:00:00-05:00,133.19357299804688,204808900
2025-01-14 00:00:00-05:00,131.7239532470703,195590500
2025-01-15 00:00:00-05:00,136.2027587890625,185217300
2025-01-16 00:00:00-05:00,133.5334930419922,209235600
2025-01-17 00:00:00-05:00,137.67234802246094,201188800
2025-01-21 00:00:00-05:00,140.79148864746094,197749000
2025-01-22 00:00:00-05:00,147.02980041503906,237651400
2025-01-23 00:00:00-05:00,147.17974853515625,155915500
2025-01-24 00:00:00-05:00,142.58099365234375,234657600
2025-01-27 00:00:00-05:00,118.38761901855469,818830900
2025-01-28 00:00:00-05:00,128.95472717285156,579666400
2025-01-29 00:00:00-05:00,123.66616821289062,467120600
2025-01-30 00:00:00-05:00,124.61592102050781,392925500
2025-01-31 00:00:00-05:00,120.03717041015625,388161100
2025-02-03 00:00:00-05:00,116.62810516357422,371235700
2025-02-04 00:00:00-05:00,118.6175537109375,256550000
2025-02-05 00:00:00-05:00,124.79586791992188,262230800
2025-02-06 00:00:00-05:00,128.64480590820312,251483600
2025-02-07 00:00:00-05:00,129.8044891357422,228186300
2025-02-10 00:00:00-05:00,133.5334930419922,216989100
2025-02-11 00:00:00-05:00,132.76370239257812,178902400
2025-02-12 00:00:00-05:00,131.10415649414062,160278600
2025-02-13 00:00:00-05:00,135.25299072265625,197430000
2025-02-14 00:00:00-05:00,138.81202697753906,195479600
2025-02-18 00:00:00-05:00,139.36187744140625,219176600
2025-02-19 00:00:00-05:00,139.19192504882812,167536000
2025-02-20 00:00:00-05:00,140.07168579101562,143903600
2025-02-21 00:00:00-05:00,134.3932342529297,228217600
2025-02-24 00:00:00-05:00,130.244384765625,251381100
2025-02-25 00:00:00-05:00,126.59536743164062,271428700
2025-02-26 00:00:00-05:00,131.24411010742188,322553800
2025-02-27 00:00:00-05:00,120.11714172363281,443175800
2025-02-28 00:00:00-05:00,124.8858413696289,389091100
2025-03-03 00:00:00-05:00,114.02880859375,411381400
2025-03-04 00:00:00-05:00,115.95828247070312,398163300
2025-03-05 00:00:00-05:00,117.2679214477539,284337900
2025-03-06 00:00:00-05:00,110.53976440429688,321181900
2025-03-07 00:00:00-05:00,112.65918731689453,341755500
2025-03-10 00:00:00-04:00,106.95075225830078,366487400
2025-03-11 00:00:00-04:00,108.73025512695312,354865700
2025-03-12 00:00:00-04:00,115.71900177001953,323857500
2025-03-13 00:00:00-04:00,115.55902862548828,299033100
2025-03-14 00:00:00-04:00,121.64791870117188,277593500
2025-03-17 00:00:00-04:00,119.50830841064453,255501500
2025-03-18 00:00:00-04:00,115.40904998779297,299686900
2025-03-19 00:00:00-04:00,117.49867248535156,273426200
2025-03-20 00:00:00-04:00,118.50848388671875,248829700
2025-03-21 00:00:00-04:00,117.67863464355469,266498500
2025-03-24 00:00:00-04:00,121.38796997070312,228452500
2025-03-25 00:00:00-04:00,120.66809844970703,167447200
2025-03-26 00:00:00-04:00,113.7393569946289,293463300
2025-03-27 00:00:00-04:00,111.40978240966797,236902100
2025-03-28 00:00:00-04:00,109.65010070800781,229872500
2025-03-31 00:00:00-04:00,108.3603286743164,299212700
2025-04-01 00:00:00-04:00,110.1300048828125,222614000
2025-04-02 00:00:00-04:00,110.39995574951172,220601200
2025-04-03 00:00:00-04:00,101.78152465820312,338769400
2025-04-04 00:00:00-04:00,94.29288482666016,532273800
2025-04-07 00:00:00-04:00,97.62227630615234,611041300
2025-04-08 00:00:00-04:00,96.28252410888672,476243400
2025-04-09 00:00:00-04:00,114.30924987792969,612918300
2025-04-10 00:00:00-04:00,107.55047607421875,437812400
2025-04-11 00:00:00-04:00,110.90986633300781,313417300
2025-04-14 00:00:00-04:00,110.68990325927734,264705000
2025-04-15 00:00:00-04:00,112.17963409423828,228966900
2025-04-16 00:00:00-04:00,104.47103881835938,397016900
2025-04-17 00:00:00-04:00,101.47157287597656,292517500
2025-04-21 00:00:00-04:00,96.89241790771484,288501100
2025-04-22 00:00:00-04:00,98.8720474243164,241004800
2025-04-23 00:00:00-04:00,102.69136047363281,247526000
2025-04-24 00:00:00-04:00,106.41068267822266,220815000
2025-04-25 00:00:00-04:00,110.98986053466797,251064700
2025-04-28 00:00:00-04:00,108.71027374267578,207708500
2025-04-29 00:00:00-04:00,109.00021362304688,170444300
2025-04-30 00:00:00-04:00,108.90023040771484,235044600
2025-05-01 00:00:00-04:00,111.5897445678711,236121500
2025-05-02 00:00:00-04:00,114.4792251586914,190194800
2025-05-05 00:00:00-04:00,113.79934692382812,133163200
2025-05-06 00:00:00-04:00,113.51940155029297,158525600
2025-05-07 00:00:00-04:00,117.03875732421875,206758800
2025-05-08 00:00:00-04:00,117.34870910644531,198428100
2025-05-09 00:00:00-04:00,116.62882995605469,132972200
2025-05-12 00:00:00-04:00,122.9776840209961,225023300
2025-05-13 00:00:00-04:00,129.9064178466797,330430100
2025-05-14 00:00:00-04:00,135.3154296875,281180800
2025-05-15 00:00:00-04:00,134.80552673339844,226632600
2025-05-16 00:00:00-04:00,135.37542724609375,226542500
2025-05-19 00:00:00-04:00,135.54539489746094,193154600
2025-05-20 00:00:00-04:00,134.35560607910156,161514200
2025-05-21 00:00:00-04:00,131.7760772705078,270608700
2025-05-22 00:00:00-04:00,132.80589294433594,187344000
2025-05-23 00:00:00-04:00,131.26617431640625,198821300
2025-05-27 00:00:00-04:00,135.47540283203125,192953600
2025-05-28 00:00:00-04:00,134.78553771972656,304021100
2025-05-29 00:00:00-04:00,139.1647491455078,369241900
2025-05-30 00:00:00-04:00,135.10548400878906,333170900
2025-06-02 00:00:00-04:00,137.35507202148438,197663100
2025-06-03 00:00:00-04:00,141.19436645507812,225578800
2025-06-04 00:00:00-04:00,141.8942413330078,167120800
2025-06-05 00:00:00-04:00,139.964599609375,231397900
2025-06-06 00:00:00-04:00,141.69427490234375,153986200
2025-06-09 00:00:00-04:00,142.6041259765625,185114500
2025-06-10 00:00:00-04:00,143.9338836669922,155881900
2025-06-11 00:00:00-04:00,142.81399536132812,167694000
2025-06-12 00:00:00-04:00,144.98374938964844,162365000
2025-06-13 00:00:00-04:00,141.95408630371094,180820600
2025-06-16 00:00:00-04:00,144.6737823486328,183133700
2025-06-17 00:00:00-04:00,144.1038360595703,139108000
2025-06-18 00:00:00-04:00,145.46368408203125,161494100
2025-06-20 00:00:00-04:00,143.83387756347656,242956200
2025-06-23 00:00:00-04:00,144.15383911132812,154308900
2025-06-24 00:00:00-04:00,147.88340759277344,187566100
2025-06-25 00:00:00-04:00,154.29270935058594,269146500
2025-06-26 00:00:00-04:00,155.00262451171875,198145700
2025-06-27 00:00:00-04:00,157.73231506347656,263234500
2025-06-30 00:00:00-04:00,157.97230529785156,194580300
2025-07-01 00:00:00-04:00,153.2828369140625,213143600
2025-07-02 00:00:00-04:00,157.2323760986328,171224100
2025-07-03 00:00:00-04:00,159.3221435546875,143716100
2025-07-07 00:00:00-04:00,158.22227478027344,140139000
2025-07-08 00:00:00-04:00,159.98207092285156,138133000
2025-07-09 00:00:00-04:00,162.86175537109375,183656400
2025-07-10 00:00:00-04:00,164.0816192626953,167704100
2025-07-11 00:00:00-04:00,164.90151977539062,193633300
2025-07-14 00:00:00-04:00,164.05162048339844,136975800
2025-07-15 00:00:00-04:00,170.6808624267578,230627400
2025-07-16 00:00:00-04:00,171.35079956054688,158831500
2025-07-17 00:00:00-04:00,172.98062133789062,160841100
2025-07-18 00:00:00-04:00,172.39068603515625,146456400
2025-07-21 00:00:00-04:00,171.36080932617188,123126100
2025-07-22 00:00:00-04:00,167.01129150390625,193114300
2025-07-23 00:00:00-04:00,170.7608642578125,154082200
2025-07-24 00:00:00-04:00,173.7205352783203,128984600
2025-07-25 00:00:00-04:00,173.48056030273438,122316800
2025-07-28 00:00:00-04:00,176.73019409179688,140023500
2025-07-29 00:00:00-04:00,175.49032592773438,154077500
2025-07-30 00:00:00-04:00,179.2499237060547,174312200
2025-07-31 00:00:00-04:00,177.85006713867188,221685400
2025-08-01 00:00:00-04:00,173.70053100585938,204529000
2025-08-04 00:00:00-04:00,179.97982788085938,148174600
2025-08-05 00:00:00-04:00,178.24002075195312,156407600
2025-08-06 00:00:00-04:00,179.39988708496094,137192300
2025-08-07 00:00:00-04:00,180.74974060058594,151878400
2025-08-08 00:00:00-04:00,182.6795196533203,123396700
2025-08-11 00:00:00-04:00,182.0395965576172,138323200
2025-08-12 00:00:00-04:00,183.1394805908203,145485700
2025-08-13 00:00:00-04:00,181.56964111328125,179871700
2025-08-14 00:00:00-04:00,181.99960327148438,129554000
2025-08-15 00:00:00-04:00,180.42977905273438,156602200
2025-08-18 00:00:00-04:00,181.98959350585938,132008000
2025-08-19 00:00:00-04:00,175.6203155517578,185229200
2025-08-20 00:00:00-04:00,175.38034057617188,215142700
2025-08-21 00:00:00-04:00,174.96038818359375,140040900
2025-08-22 00:00:00-04:00,177.97006225585938,172789400
2025-08-25 00:00:00-04:00,179.78985595703125,163012800
2025-08-26 00:00:00-04:00,181.7496337890625,168688200
2025-08-27 00:00:00-04:00,181.57965087890625,235518900
2025-08-28 00:00:00-04:00,180.14981079101562,281787800
2025-08-29 00:00:00-04:00,174.1604766845703,243257900
2025-09-02 00:00:00-04:00,170.7608642578125,231164900
2025-09-03 00:00:00-04:00,170.60089111328125,164424900
2025-09-04 00:00:00-04:00,171.64077758789062,141670100
2025-09-05 00:00:00-04:00,167.0012969970703,224441400
2025-09-08 00:00:00-04:00,168.2911376953125,163769100
2025-09-09 00:00:00-04:00,170.74085998535156,157548400
2025-09-10 00:00:00-04:00,177.3101348876953,226852000
2025-09-11 00:00:00-04:00,177.16014099121094,151159300
2025-09-12 00:00:00-04:00,177.8101043701172,124911000
2025-09-15 00:00:00-04:00,177.74009704589844,147061600
2025-09-16 00:00:00-04:00,174.87026977539062,140737800
2025-09-17 00:00:00-04:00,170.280517578125,211843800
2025-09-18 00:00:00-04:00,176.23019409179688,191763300
2025-09-19 00:00:00-04:00,176.66015625,237182100
2025-09-22 00:00:00-04:00,183.5997772216797,269637000
2025-09-23 00:00:00-04:00,178.42005920410156,192559600
2025-09-24 00:00:00-04:00,176.96014404296875,143564100
2025-09-25 00:00:00-04:00,177.68011474609375,191586700
2025-09-26 00:00:00-04:00,178.18008422851562,148573700
2025-09-29 00:00:00-04:00,181.8398895263672,193063500
2025-09-30 00:00:00-04:00,186.56961059570312,236981000
2025-10-01 00:00:00-04:00,187.22958374023438,173844900
2025-10-02 00:00:00-04:00,188.87948608398438,136805800
2025-10-03 00:00:00-04:00,187.6095428466797,137596900
2025-10-06 00:00:00-04:00,185.5296630859375,157678100
2025-10-07 00:00:00-04:00,185.02969360351562,140088000
2025-10-08 00:00:00-04:00,189.09947204589844,130168900
2025-10-09 00:00:00-04:00,192.5592803955078,182997200
2025-10-10 00:00:00-04:00,183.14981079101562,268774400
2025-10-13 00:00:00-04:00,188.3095245361328,153482800
2025-10-14 00:00:00-04:00,180.0199737548828,205641400
2025-10-15 00:00:00-04:00,179.8199920654297,214450500
2025-10-16 00:00:00-04:00,181.7998809814453,179723300
2025-10-17 00:00:00-04:00,183.20980834960938,173135200
2025-10-20 00:00:00-04:00,182.6298370361328,128544700
2025-10-21 00:00:00-04:00,181.14991760253906,124240200
2025-10-22 00:00:00-04:00,180.26995849609375,162249600
2025-10-23 00:00:00-04:00,182.1498565673828,111363700
2025-10-24 00:00:00-04:00,186.24961853027344,131296700
2025-10-27 00:00:00-04:00,191.47933959960938,153452700
2025-10-28 00:00:00-04:00,201.01881408691406,297986200
2025-10-29 00:00:00-04:00,207.02847290039062,308829600
2025-10-30 00:00:00-04:00,202.8787078857422,178864400
2025-10-31 00:00:00-04:00,202.47872924804688,179802200
2025-11-03 00:00:00-05:00,206.8684844970703,180267300
2025-11-04 00:00:00-05:00,198.67893981933594,188919300
2025-11-05 00:00:00-05:00,195.1991424560547,171350300
2025-11-06 00:00:00-05:00,188.0695343017578,223029800
2025-11-07 00:00:00-05:00,188.1395263671875,264942300
2025-11-10 00:00:00-05:00,199.03892517089844,198897100
2025-11-11 00:00:00-05:00,193.1492462158203,176483300
2025-11-12 00:00:00-05:00,193.78921508789062,154935300
2025-11-13 00:00:00-05:00,186.84959411621094,207423100
2025-11-14 00:00:00-05:00,190.15940856933594,186591900
2025-11-17 00:00:00-05:00,186.58961486816406,173628900
2025-11-18 00:00:00-05:00,181.3498992919922,213598900
2025-11-19 00:00:00-05:00,186.50961303710938,247246400
2025-11-20 00:00:00-05:00,180.62994384765625,343504800
2025-11-21 00:00:00-05:00,178.8700408935547,346926200
2025-11-24 00:00:00-05:00,182.5398406982422,256618300
2025-11-25 00:00:00-05:00,177.8101043701172,320600300
2025-11-26 00:00:00-05:00,180.2499542236328,183852000
2025-11-28 00:00:00-05:00,176.99014282226562,121332800
2025-12-01 00:00:00-05:00,179.9099884033203,188131000
2025-12-02 00:00:00-05:00,181.4499053955078,182632200
2025-12-03 00:00:00-05:00,179.5800018310547,165138000
2025-12-04 00:00:00-05:00,183.3800048828125,167364900
2025-12-05 00:00:00-05:00,182.41000366210938,143971100
2025-12-08 00:00:00-05:00,185.5500030517578,204378100
2025-12-09 00:00:00-05:00,184.97000122070312,144719700
2025-12-10 00:00:00-05:00,183.77999877929688,162785400
2025-12-11 00:00:00-05:00,180.92999267578125,182136600
2025-12-12 00:00:00-05:00,175.02000427246094,204274900
2025-12-15 00:00:00-05:00,176.2899932861328,164775600
2025-12-16 00:00:00-05:00,177.72000122070312,148588100
2025-12-17 00:00:00-05:00,170.94000244140625,222775500
2025-12-18 00:00:00-05:00,174.13999938964844,176096000
2025-12-19 00:00:00-05:00,180.99000549316406,324925900
2025-12-22 00:00:00-05:00,183.69000244140625,129064400
2025-12-23 00:00:00-05:00,189.2100067138672,174873600
2025-12-24 00:00:00-05:00,188.61000061035156,65528500
2025-12-26 00:00:00-05:00,190.52999877929688,139740300
2025-12-29 00:00:00-05:00,188.22000122070312,120006100
2025-12-30 00:00:00-05:00,187.5399932861328,97687300
2025-12-31 00:00:00-05:00,186.5,120100500
2026-01-02 00:00:00-05:00,188.85000610351562,148240500
2026-01-05 00:00:00-05:00,188.1199951171875,183529700
2026-01-06 00:00:00-05:00,187.24000549316406,176862600
2026-01-07 00:00:00-05:00,189.11000061035156,153543200
2026-01-08 00:00:00-05:00,185.0399932861328,172457000
2026-01-09 00:00:00-05:00,184.86000061035156,131327500
2026-01-12 00:00:00-05:00,184.94000244140625,137968500
2026-01-13 00:00:00-05:00,185.80999755859375,160128900
2026-01-14 00:00:00-05:00,183.13999938964844,159586100
2026-01-15 00:00:00-05:00,187.0500030517578,206188600
2026-01-16 00:00:00-05:00,186.22999572753906,187967200
2026-01-20 00:00:00-05:00,178.07000732421875,223345300
2026-01-21 00:00:00-05:00,183.32000732421875,200381000
2026-01-22 00:00:00-05:00,184.83999633789062,139636600
2026-01-23 00:00:00-05:00,187.6699981689453,142748100
2026-01-26 00:00:00-05:00,186.47000122070312,124799600
2026-01-27 00:00:00-05:00,188.52000427246094,143711600
2026-01-28 00:00:00-05:00,191.52000427246094,148552700
2026-01-29 00:00:00-05:00,192.50999450683594,171764400
2026-01-30 00:00:00-05:00,191.1300048828125,179489500
2026-02-02 00:00:00-05:00,185.61000061035156,165794100
2026-02-03 00:00:00-05:00,180.33999633789062,204019600
2026-02-04 00:00:00-05:00,174.19000244140625,207014100
2026-02-05 00:00:00-05:00,171.8800048828125,206312900
2026-02-06 00:00:00-05:00,185.41000366210938,231346200
2026-02-09 00:00:00-05:00,190.0399932861328,196387400
2026-02-10 00:00:00-05:00,188.5399932861328,136764800
2026-02-11 00:00:00-05:00,190.0500030517578,144192700
2026-02-12 00:00:00-05:00,186.94000244140625,189932500
2026-02-13 00:00:00-05:00,182.80999755859375,161888000
2026-02-17 00:00:00-05:00,184.97000122070312,162276900
2026-02-18 00:00:00-05:00,187.97999572753906,164749100
2026-02-19 00:00:00-05:00,187.89999389648438,126554500
2026-02-20 00:00:00-05:00,189.82000732421875,178422300
2026-02-23 00:00:00-05:00,191.5500030517578,171584800
2026-02-24 00:00:00-05:00,192.85000610351562,175123600
2026-02-25 00:00:00-05:00,195.55999755859375,250637100
2026-02-26 00:00:00-05:00,184.88999938964844,360807900
2026-02-27 00:00:00-05:00,177.19000244140625,311636500
2026-03-02 00:00:00-05:00,182.47999572753906,209095300
2026-03-03 00:00:00-05:00,180.0500030517578,178099400
2026-03-04 00:00:00-05:00,183.0399932861328,177731200
2026-03-05 00:00:00-05:00,183.33999633789062,198779700
2026-03-06 00:00:00-05:00,177.82000732421875,188472400
2026-03-09 00:00:00-04:00,180.09500122070312,108029328
