Date,ticker,close_price,Volume
2020-03-16 00:00:00-04:00,NVDA,4.8908233642578125,726972000
2020-03-17 00:00:00-04:00,NVDA,5.410536289215088,833632000
2020-03-18 00:00:00-04:00,NVDA,5.05069637298584,874268000
2020-03-19 00:00:00-04:00,NVDA,5.303455829620361,765512000
2020-03-20 00:00:00-04:00,NVDA,5.123660564422607,804636000
2020-03-23 00:00:00-04:00,NVDA,5.296482086181641,643876000
2020-03-24 00:00:00-04:00,NVDA,6.20517110824585,1101644000
2020-03-25 00:00:00-04:00,NVDA,6.116518974304199,793432000
2020-03-26 00:00:00-04:00,NVDA,6.4058837890625,696108000
2020-03-27 00:00:00-04:00,NVDA,6.293575286865234,638828000
2020-03-30 00:00:00-04:00,NVDA,6.613818645477295,602252000
2020-03-31 00:00:00-04:00,NVDA,6.564262390136719,949960000
2020-04-01 00:00:00-04:00,NVDA,6.053016662597656,656912000
2020-04-02 00:00:00-04:00,NVDA,6.361806392669678,675764000
2020-04-03 00:00:00-04:00,NVDA,6.0739359855651855,663212000
2020-04-06 00:00:00-04:00,NVDA,6.683794021606445,727884000
2020-04-07 00:00:00-04:00,NVDA,6.45045804977417,784520000
2020-04-08 00:00:00-04:00,NVDA,6.6476850509643555,542444000
2020-04-09 00:00:00-04:00,NVDA,6.548076629638672,525564000
2020-04-13 00:00:00-04:00,NVDA,6.719903469085693,398408000
2020-04-14 00:00:00-04:00,NVDA,7.071025848388672,530948000
2020-04-15 00:00:00-04:00,NVDA,6.993581295013428,366148000
2020-04-16 00:00:00-04:00,NVDA,7.3387250900268555,745620000
2020-04-17 00:00:00-04:00,NVDA,7.279458522796631,539120000
2020-04-20 00:00:00-04:00,NVDA,7.14822244644165,449388000
2020-04-21 00:00:00-04:00,NVDA,6.7114362716674805,735160000
2020-04-22 00:00:00-04:00,NVDA,7.125810623168945,483356000
2020-04-23 00:00:00-04:00,NVDA,7.0725202560424805,424160000
2020-04-24 00:00:00-04:00,NVDA,7.211475849151611,352328000
2020-04-27 00:00:00-04:00,NVDA,7.397994041442871,479388000
2020-04-28 00:00:00-04:00,NVDA,7.255552291870117,442904000
2020-04-29 00:00:00-04:00,NVDA,7.432360649108887,379160000
2020-04-30 00:00:00-04:00,NVDA,7.2784624099731445,375916000
2020-05-01 00:00:00-04:00,NVDA,7.041889190673828,342096000
2020-05-04 00:00:00-04:00,NVDA,7.253808498382568,317556000
2020-05-05 00:00:00-04:00,NVDA,7.314820289611816,368896000
2020-05-06 00:00:00-04:00,NVDA,7.41567325592041,323464000
2020-05-07 00:00:00-04:00,NVDA,7.591982841491699,373732000
2020-05-08 00:00:00-04:00,NVDA,7.781988620758057,339216000
2020-05-11 00:00:00-04:00,NVDA,8.033997535705566,469060000
2020-05-12 00:00:00-04:00,NVDA,7.772027015686035,493060000
2020-05-13 00:00:00-04:00,NVDA,7.749615669250488,625852000
2020-05-14 00:00:00-04:00,NVDA,7.999135971069336,602312000
2020-05-15 00:00:00-04:00,NVDA,8.45759105682373,987660000
2020-05-18 00:00:00-04:00,NVDA,8.71607494354248,774460000
2020-05-19 00:00:00-04:00,NVDA,8.771109580993652,717320000
2020-05-20 00:00:00-04:00,NVDA,8.93497085571289,587536000
2020-05-21 00:00:00-04:00,NVDA,8.740979194641113,761068000
2020-05-22 00:00:00-04:00,NVDA,8.990996360778809,1038764000
2020-05-26 00:00:00-04:00,NVDA,8.683700561523438,770780000
2020-05-27 00:00:00-04:00,NVDA,8.49195671081543,1175892000
2020-05-28 00:00:00-04:00,NVDA,8.453852653503418,734896000
2020-05-29 00:00:00-04:00,NVDA,8.840836524963379,745256000
2020-06-01 00:00:00-04:00,NVDA,8.771857261657715,389876000
2020-06-02 00:00:00-04:00,NVDA,8.790783882141113,391320000
2020-06-03 00:00:00-04:00,NVDA,8.735251426696777,365440000
2020-06-04 00:00:00-04:00,NVDA,8.736248016357422,424280000
2020-06-05 00:00:00-04:00,NVDA,8.889217376708984,481748000
2020-06-08 00:00:00-04:00,NVDA,8.774615287780762,387736000
2020-06-09 00:00:00-04:00,NVDA,9.014781951904297,468488000
2020-06-10 00:00:00-04:00,NVDA,9.33442497253418,632180000
2020-06-11 00:00:00-04:00,NVDA,8.765893936157227,583652000
2020-06-12 00:00:00-04:00,NVDA,8.901676177978516,570908000
2020-06-15 00:00:00-04:00,NVDA,9.142094612121582,400004000
2020-06-16 00:00:00-04:00,NVDA,9.03720474243164,535716000
2020-06-17 00:00:00-04:00,NVDA,9.204126358032227,408304000
2020-06-18 00:00:00-04:00,NVDA,9.18619155883789,254408000
2020-06-19 00:00:00-04:00,NVDA,9.229289054870605,524160000
2020-06-22 00:00:00-04:00,NVDA,9.493874549865723,398468000
2020-06-23 00:00:00-04:00,NVDA,9.417387962341309,375108000
2020-06-24 00:00:00-04:00,NVDA,9.203628540039062,449372000
2020-06-25 00:00:00-04:00,NVDA,9.457250595092773,376072000
2020-06-26 00:00:00-04:00,NVDA,9.123406410217285,592084000
2020-06-29 00:00:00-04:00,NVDA,9.168251991271973,342248000
2020-06-30 00:00:00-04:00,NVDA,9.464974403381348,367892000
2020-07-01 00:00:00-04:00,NVDA,9.497112274169922,326648000
2020-07-02 00:00:00-04:00,NVDA,9.579078674316406,364056000
2020-07-06 00:00:00-04:00,NVDA,9.80529499053955,315892000
2020-07-07 00:00:00-04:00,NVDA,9.83768081665039,357800000
2020-07-08 00:00:00-04:00,NVDA,10.180747032165527,365480000
2020-07-09 00:00:00-04:00,NVDA,10.472731590270996,494548000
2020-07-10 00:00:00-04:00,NVDA,10.443086624145508,497676000
2020-07-13 00:00:00-04:00,NVDA,10.017560005187988,457076000
2020-07-14 00:00:00-04:00,NVDA,10.341188430786133,542676000
2020-07-15 00:00:00-04:00,NVDA,10.1919584274292,403984000
2020-07-16 00:00:00-04:00,NVDA,10.099777221679688,344964000
2020-07-17 00:00:00-04:00,NVDA,10.166295051574707,266284000
2020-07-20 00:00:00-04:00,NVDA,10.47447681427002,284852000
2020-07-21 00:00:00-04:00,NVDA,10.292856216430664,277036000
2020-07-22 00:00:00-04:00,NVDA,10.402725219726562,367292000
2020-07-23 00:00:00-04:00,NVDA,10.094792366027832,411660000
2020-07-24 00:00:00-04:00,NVDA,10.159318923950195,473292000
2020-07-27 00:00:00-04:00,NVDA,10.385534286499023,292132000
2020-07-28 00:00:00-04:00,NVDA,10.180248260498047,271636000
2020-07-29 00:00:00-04:00,NVDA,10.42938232421875,284508000
2020-07-30 00:00:00-04:00,NVDA,10.577372550964355,308880000
2020-07-31 00:00:00-04:00,NVDA,10.578119277954102,386080000
2020-08-03 00:00:00-04:00,NVDA,10.972254753112793,412720000
2020-08-04 00:00:00-04:00,NVDA,11.189003944396973,310336000
2020-08-05 00:00:00-04:00,NVDA,11.247800827026367,249924000
2020-08-06 00:00:00-04:00,NVDA,11.296381950378418,244316000
2020-08-07 00:00:00-04:00,NVDA,11.16085147857666,342516000
2020-08-10 00:00:00-04:00,NVDA,11.126469612121582,427796000
2020-08-11 00:00:00-04:00,NVDA,10.812557220458984,354512000
2020-08-12 00:00:00-04:00,NVDA,11.400771141052246,464412000
2020-08-13 00:00:00-04:00,NVDA,11.403509140014648,374460000
2020-08-14 00:00:00-04:00,NVDA,11.524092674255371,366436000
2020-08-17 00:00:00-04:00,NVDA,12.294425010681152,621300000
2020-08-18 00:00:00-04:00,NVDA,12.218438148498535,503448000
2020-08-19 00:00:00-04:00,NVDA,12.096610069274902,622624000
2020-08-20 00:00:00-04:00,NVDA,12.099102973937988,921388000
2020-08-21 00:00:00-04:00,NVDA,12.639729499816895,999868000
2020-08-24 00:00:00-04:00,NVDA,12.676352500915527,490564000
2020-08-25 00:00:00-04:00,NVDA,12.706002235412598,289076000
2020-08-26 00:00:00-04:00,NVDA,12.728919982910156,321244000
2020-08-27 00:00:00-04:00,NVDA,12.584668159484863,317604000
2020-08-28 00:00:00-04:00,NVDA,13.10237979888916,537160000
2020-08-31 00:00:00-04:00,NVDA,13.328346252441406,500840000
2020-09-01 00:00:00-04:00,NVDA,13.777423858642578,511316000
2020-09-02 00:00:00-04:00,NVDA,14.30126953125,874012000
2020-09-03 00:00:00-04:00,NVDA,12.974465370178223,945128000
2020-09-04 00:00:00-04:00,NVDA,12.5827054977417,1463684000
2020-09-08 00:00:00-04:00,NVDA,11.875439643859863,795728000
2020-09-09 00:00:00-04:00,NVDA,12.674911499023438,736200000
2020-09-10 00:00:00-04:00,NVDA,12.272934913635254,698684000
2020-09-11 00:00:00-04:00,NVDA,12.126151084899902,636928000
2020-09-14 00:00:00-04:00,NVDA,12.831665992736816,1201744000
2020-09-15 00:00:00-04:00,NVDA,12.950043678283691,727556000
2020-09-16 00:00:00-04:00,NVDA,12.475043296813965,556384000
2020-09-17 00:00:00-04:00,NVDA,12.42420482635498,792512000
2020-09-18 00:00:00-04:00,NVDA,12.150818824768066,698460000
2020-09-21 00:00:00-04:00,NVDA,12.477787017822266,721044000
2020-09-22 00:00:00-04:00,NVDA,12.597906112670898,646452000
2020-09-23 00:00:00-04:00,NVDA,12.085527420043945,647012000
2020-09-24 00:00:00-04:00,NVDA,12.309067726135254,731240000
2020-09-25 00:00:00-04:00,NVDA,12.833161354064941,588016000
2020-09-28 00:00:00-04:00,NVDA,12.993901252746582,573808000
2020-09-29 00:00:00-04:00,NVDA,13.184054374694824,621460000
2020-09-30 00:00:00-04:00,NVDA,13.48784065246582,689184000
2020-10-01 00:00:00-04:00,NVDA,13.571576118469238,525004000
2020-10-02 00:00:00-04:00,NVDA,13.021068572998047,552496000
2020-10-05 00:00:00-04:00,NVDA,13.5994873046875,479820000
2020-10-06 00:00:00-04:00,NVDA,13.693192481994629,784420000
2020-10-07 00:00:00-04:00,NVDA,13.919973373413086,418084000
2020-10-08 00:00:00-04:00,NVDA,13.795121192932129,378900000
2020-10-09 00:00:00-04:00,NVDA,13.719359397888184,346892000
2020-10-12 00:00:00-04:00,NVDA,14.18114948272705,434744000
2020-10-13 00:00:00-04:00,NVDA,14.203328132629395,344604000
2020-10-14 00:00:00-04:00,NVDA,14.050811767578125,276100000
2020-10-15 00:00:00-04:00,NVDA,13.925956726074219,267224000
2020-10-16 00:00:00-04:00,NVDA,13.767952919006348,242392000
2020-10-19 00:00:00-04:00,NVDA,13.455193519592285,298068000
2020-10-20 00:00:00-04:00,NVDA,13.60247802734375,229212000
2020-10-21 00:00:00-04:00,NVDA,13.482110977172852,219596000
2020-10-22 00:00:00-04:00,NVDA,13.318873405456543,290480000
2020-10-23 00:00:00-04:00,NVDA,13.547403335571289,233484000
2020-10-26 00:00:00-04:00,NVDA,13.09981632232666,336896000
2020-10-27 00:00:00-04:00,NVDA,13.354512214660645,250520000
2020-10-28 00:00:00-04:00,NVDA,12.587186813354492,376520000
2020-10-29 00:00:00-04:00,NVDA,12.982939720153809,320080000
2020-10-30 00:00:00-04:00,NVDA,12.494484901428223,416820000
2020-11-02 00:00:00-05:00,NVDA,12.541084289550781,299652000
2020-11-03 00:00:00-05:00,NVDA,12.9784517288208,272900000
2020-11-04 00:00:00-05:00,NVDA,13.750760078430176,410228000
2020-11-05 00:00:00-05:00,NVDA,14.115358352661133,319028000
2020-11-06 00:00:00-05:00,NVDA,14.516091346740723,383348000
2020-11-09 00:00:00-05:00,NVDA,13.587777137756348,582976000
2020-11-10 00:00:00-05:00,NVDA,12.729740142822266,644068000
2020-11-11 00:00:00-05:00,NVDA,13.375696182250977,404744000
2020-11-12 00:00:00-05:00,NVDA,13.414321899414062,365812000
2020-11-13 00:00:00-05:00,NVDA,13.255078315734863,346312000
2020-11-16 00:00:00-05:00,NVDA,13.472640037536621,413776000
2020-11-17 00:00:00-05:00,NVDA,13.379932403564453,312028000
2020-11-18 00:00:00-05:00,NVDA,13.386409759521484,510924000
2020-11-19 00:00:00-05:00,NVDA,13.397873878479004,565936000
2020-11-20 00:00:00-05:00,NVDA,13.046488761901855,341088000
2020-11-23 00:00:00-05:00,NVDA,13.098573684692383,361356000
2020-11-24 00:00:00-05:00,NVDA,12.916897773742676,346500000
2020-11-25 00:00:00-05:00,NVDA,13.193022727966309,259916000
2020-11-27 00:00:00-05:00,NVDA,13.219439506530762,167276000
2020-11-30 00:00:00-05:00,NVDA,13.359249114990234,286952000
2020-12-01 00:00:00-05:00,NVDA,13.347785949707031,296948000
2020-12-02 00:00:00-05:00,NVDA,13.501797676086426,283360000
2020-12-03 00:00:00-05:00,NVDA,13.357709884643555,199520000
2020-12-04 00:00:00-05:00,NVDA,13.519495964050293,202244000
2020-12-07 00:00:00-05:00,NVDA,13.56786060333252,223244000
2020-12-08 00:00:00-05:00,NVDA,13.311842918395996,271920000
2020-12-09 00:00:00-05:00,NVDA,12.89378833770752,401300000
2020-12-10 00:00:00-05:00,NVDA,12.935173034667969,207764000
2020-12-11 00:00:00-05:00,NVDA,12.976055145263672,209264000
2020-12-14 00:00:00-05:00,NVDA,13.270709991455078,270156000
2020-12-15 00:00:00-05:00,NVDA,13.322314262390137,193016000
2020-12-16 00:00:00-05:00,NVDA,13.204649925231934,223116000
2020-12-17 00:00:00-05:00,NVDA,13.303118705749512,231384000
2020-12-18 00:00:00-05:00,NVDA,13.234064102172852,342064000
2020-12-21 00:00:00-05:00,NVDA,13.29414176940918,302332000
2020-12-22 00:00:00-05:00,NVDA,13.240297317504883,185580000
2020-12-23 00:00:00-05:00,NVDA,12.972066879272461,179144000
2020-12-24 00:00:00-05:00,NVDA,12.956609725952148,97884000
2020-12-28 00:00:00-05:00,NVDA,12.863127708435059,212564000
2020-12-29 00:00:00-05:00,NVDA,12.906255722045898,170372000
2020-12-30 00:00:00-05:00,NVDA,13.108176231384277,225396000
2020-12-31 00:00:00-05:00,NVDA,13.017683982849121,192424000
2021-01-04 00:00:00-05:00,NVDA,13.076020240783691,560640000
2021-01-05 00:00:00-05:00,NVDA,13.366435050964355,322760000
2021-01-06 00:00:00-05:00,NVDA,12.578442573547363,580424000
2021-01-07 00:00:00-05:00,NVDA,13.30586051940918,461480000
2021-01-08 00:00:00-05:00,NVDA,13.238801002502441,292528000
2021-01-11 00:00:00-05:00,NVDA,13.582568168640137,518344000
2021-01-12 00:00:00-05:00,NVDA,13.446207046508789,291476000
2021-01-13 00:00:00-05:00,NVDA,13.493071556091309,210028000
2021-01-14 00:00:00-05:00,NVDA,13.162521362304688,283120000
2021-01-15 00:00:00-05:00,NVDA,12.822746276855469,277780000
2021-01-19 00:00:00-05:00,NVDA,12.988019943237305,226188000
2021-01-20 00:00:00-05:00,NVDA,13.327547073364258,258572000
2021-01-21 00:00:00-05:00,NVDA,13.827863693237305,337780000
2021-01-22 00:00:00-05:00,NVDA,13.673307418823242,246820000
2021-01-25 00:00:00-05:00,NVDA,13.614224433898926,251112000
2021-01-26 00:00:00-05:00,NVDA,13.396849632263184,163980000
2021-01-27 00:00:00-05:00,NVDA,12.880826950073242,371272000
2021-01-28 00:00:00-05:00,NVDA,13.01369571685791,228316000
2021-01-29 00:00:00-05:00,NVDA,12.95262336730957,271552000
2021-02-01 00:00:00-05:00,NVDA,13.199167251586914,217204000
2021-02-02 00:00:00-05:00,NVDA,13.5180025100708,220440000
2021-02-03 00:00:00-05:00,NVDA,13.491823196411133,245408000
2021-02-04 00:00:00-05:00,NVDA,13.625192642211914,201340000
2021-02-05 00:00:00-05:00,NVDA,13.552153587341309,169152000
2021-02-08 00:00:00-05:00,NVDA,14.397480010986328,434624000
2021-02-09 00:00:00-05:00,NVDA,14.222482681274414,287560000
2021-02-10 00:00:00-05:00,NVDA,14.722047805786133,485352000
2021-02-11 00:00:00-05:00,NVDA,15.207159996032715,450828000
2021-02-12 00:00:00-05:00,NVDA,14.918486595153809,374756000
2021-02-16 00:00:00-05:00,NVDA,15.286431312561035,321960000
2021-02-17 00:00:00-05:00,NVDA,14.863393783569336,274756000
2021-02-18 00:00:00-05:00,NVDA,14.786617279052734,233868000
2021-02-19 00:00:00-05:00,NVDA,14.883834838867188,271724000
2021-02-22 00:00:00-05:00,NVDA,14.314715385437012,325884000
2021-02-23 00:00:00-05:00,NVDA,14.101578712463379,391780000
2021-02-24 00:00:00-05:00,NVDA,14.457558631896973,448320000
2021-02-25 00:00:00-05:00,NVDA,13.269461631774902,824436000
2021-02-26 00:00:00-05:00,NVDA,13.67530345916748,500932000
2021-03-01 00:00:00-05:00,NVDA,13.80218505859375,353184000
2021-03-02 00:00:00-05:00,NVDA,13.367931365966797,264116000
2021-03-03 00:00:00-05:00,NVDA,12.768152236938477,377592000
2021-03-04 00:00:00-05:00,NVDA,12.334892272949219,573344000
2021-03-05 00:00:00-05:00,NVDA,12.425881385803223,542840000
2021-03-08 00:00:00-05:00,NVDA,11.560114860534668,543112000
2021-03-09 00:00:00-05:00,NVDA,12.488773345947266,521824000
2021-03-10 00:00:00-05:00,NVDA,12.436903953552246,384376000
2021-03-11 00:00:00-05:00,NVDA,12.960833549499512,299916000
2021-03-12 00:00:00-05:00,NVDA,12.823678970336914,243964000
2021-03-15 00:00:00-04:00,NVDA,13.158087730407715,221988000
2021-03-16 00:00:00-04:00,NVDA,13.257832527160645,272128000
2021-03-17 00:00:00-04:00,NVDA,13.307710647583008,243864000
2021-03-18 00:00:00-04:00,NVDA,12.690516471862793,293896000
2021-03-19 00:00:00-04:00,NVDA,12.813453674316406,299208000
2021-03-22 00:00:00-04:00,NVDA,13.153098106384277,297804000
2021-03-23 00:00:00-04:00,NVDA,13.03788948059082,222048000
2021-03-24 00:00:00-04:00,NVDA,12.611212730407715,245840000
2021-03-25 00:00:00-04:00,NVDA,12.50373363494873,295144000
2021-03-26 00:00:00-04:00,NVDA,12.806970596313477,363968000
2021-03-29 00:00:00-04:00,NVDA,12.915695190429688,273520000
2021-03-30 00:00:00-04:00,NVDA,12.83938980102539,200204000
2021-03-31 00:00:00-04:00,NVDA,13.314690589904785,314776000
2021-04-01 00:00:00-04:00,NVDA,13.777026176452637,308276000
2021-04-05 00:00:00-04:00,NVDA,13.952333450317383,255672000
2021-04-06 00:00:00-04:00,NVDA,13.82664966583252,191744000
2021-04-07 00:00:00-04:00,NVDA,14.107942581176758,251284000
2021-04-08 00:00:00-04:00,NVDA,14.281005859375,244416000
2021-04-09 00:00:00-04:00,NVDA,14.363797187805176,195172000
2021-04-12 00:00:00-04:00,NVDA,15.170761108398438,869324000
2021-04-13 00:00:00-04:00,NVDA,15.640081405639648,676212000
2021-04-14 00:00:00-04:00,NVDA,15.238595008850098,385500000
2021-04-15 00:00:00-04:00,NVDA,16.0966796875,598480000
2021-04-16 00:00:00-04:00,NVDA,15.872495651245117,335208000
2021-04-19 00:00:00-04:00,NVDA,15.323129653930664,404420000
2021-04-20 00:00:00-04:00,NVDA,15.133109092712402,334132000
2021-04-21 00:00:00-04:00,NVDA,15.321882247924805,216776000
2021-04-22 00:00:00-04:00,NVDA,14.81291389465332,277788000
2021-04-23 00:00:00-04:00,NVDA,15.226873397827148,227500000
2021-04-26 00:00:00-04:00,NVDA,15.4390869140625,197796000
2021-04-27 00:00:00-04:00,NVDA,15.343076705932617,164572000
2021-04-28 00:00:00-04:00,NVDA,15.238344192504883,209416000
2021-04-29 00:00:00-04:00,NVDA,15.286221504211426,173196000
2021-04-30 00:00:00-04:00,NVDA,14.971766471862793,201912000
2021-05-03 00:00:00-04:00,NVDA,14.799448013305664,203912000
2021-05-04 00:00:00-04:00,NVDA,14.315168380737305,405324000
2021-05-05 00:00:00-04:00,NVDA,14.422148704528809,292024000
2021-05-06 00:00:00-04:00,NVDA,14.486486434936523,193380000
2021-05-07 00:00:00-04:00,NVDA,14.77501106262207,229328000
2021-05-10 00:00:00-04:00,NVDA,14.229884147644043,268904000
2021-05-11 00:00:00-04:00,NVDA,14.270281791687012,285584000
2021-05-12 00:00:00-04:00,NVDA,13.723909378051758,303408000
2021-05-13 00:00:00-04:00,NVDA,13.63089370727539,285404000
2021-05-14 00:00:00-04:00,NVDA,14.207192420959473,258616000
2021-05-17 00:00:00-04:00,NVDA,14.12988567352295,216980000
2021-05-18 00:00:00-04:00,NVDA,13.980512619018555,186256000
2021-05-19 00:00:00-04:00,NVDA,14.030385971069336,344000000
2021-05-20 00:00:00-04:00,NVDA,14.575763702392578,321592000
2021-05-21 00:00:00-04:00,NVDA,14.954059600830078,672992000
2021-05-24 00:00:00-04:00,NVDA,15.57275104522705,554816000
2021-05-25 00:00:00-04:00,NVDA,15.60841178894043,435408000
2021-05-26 00:00:00-04:00,NVDA,15.660530090332031,370440000
2021-05-27 00:00:00-04:00,NVDA,15.44906234741211,581476000
2021-05-28 00:00:00-04:00,NVDA,16.20366096496582,644536000
2021-06-01 00:00:00-04:00,NVDA,16.223609924316406,472804000
2021-06-02 00:00:00-04:00,NVDA,16.736064910888672,594168000
2021-06-03 00:00:00-04:00,NVDA,16.927085876464844,580008000
2021-06-04 00:00:00-04:00,NVDA,17.5340576171875,617120000
2021-06-07 00:00:00-04:00,NVDA,17.5747013092041,575756000
2021-06-08 00:00:00-04:00,NVDA,17.413114547729492,323848000
2021-06-09 00:00:00-04:00,NVDA,17.31857681274414,381656000
2021-06-10 00:00:00-04:00,NVDA,17.38517951965332,287772000
2021-06-11 00:00:00-04:00,NVDA,17.784509658813477,416308000
2021-06-14 00:00:00-04:00,NVDA,17.97756576538086,321376000
2021-06-15 00:00:00-04:00,NVDA,17.747840881347656,243032000
2021-06-16 00:00:00-04:00,NVDA,17.769540786743164,307124000
2021-06-17 00:00:00-04:00,NVDA,18.614604949951172,809656000
2021-06-18 00:00:00-04:00,NVDA,18.59615135192871,968856000
2021-06-21 00:00:00-04:00,NVDA,18.3851318359375,672384000
2021-06-22 00:00:00-04:00,NVDA,18.843584060668945,580144000
2021-06-23 00:00:00-04:00,NVDA,19.013694763183594,332356000
2021-06-24 00:00:00-04:00,NVDA,19.161605834960938,320924000
2021-06-25 00:00:00-04:00,NVDA,18.987506866455078,278364000
2021-06-28 00:00:00-04:00,NVDA,19.9393253326416,495436000
2021-06-29 00:00:00-04:00,NVDA,19.98097801208496,367632000
2021-06-30 00:00:00-04:00,NVDA,19.956785202026367,326568000
2021-07-01 00:00:00-04:00,NVDA,20.165803909301758,480136000
2021-07-02 00:00:00-04:00,NVDA,20.440174102783203,342764000
2021-07-06 00:00:00-04:00,NVDA,20.651193618774414,446708000
2021-07-07 00:00:00-04:00,NVDA,20.325191497802734,418428000
2021-07-08 00:00:00-04:00,NVDA,19.85725975036621,503300000
2021-07-09 00:00:00-04:00,NVDA,20.004419326782227,296624000
2021-07-12 00:00:00-04:00,NVDA,20.465621948242188,321984000
2021-07-13 00:00:00-04:00,NVDA,20.20372200012207,290708000
2021-07-14 00:00:00-04:00,NVDA,19.79615020751953,380100000
2021-07-15 00:00:00-04:00,NVDA,18.92290496826172,550564000
2021-07-16 00:00:00-04:00,NVDA,18.11949348449707,688224000
2021-07-19 00:00:00-04:00,NVDA,18.736831665039062,749060000
2021-07-20 00:00:00-04:00,NVDA,18.569461822509766,434687000
2021-07-21 00:00:00-04:00,NVDA,19.36563491821289,371017000
2021-07-22 00:00:00-04:00,NVDA,19.549222946166992,323826000
2021-07-23 00:00:00-04:00,NVDA,19.513296127319336,195672000
2021-07-26 00:00:00-04:00,NVDA,19.249906539916992,203943000
2021-07-27 00:00:00-04:00,NVDA,19.164098739624023,248863000
2021-07-28 00:00:00-04:00,NVDA,19.45842742919922,202191000
2021-07-29 00:00:00-04:00,NVDA,19.617063522338867,190781000
2021-07-30 00:00:00-04:00,NVDA,19.454437255859375,183497000
2021-08-02 00:00:00-04:00,NVDA,19.704866409301758,217444000
2021-08-03 00:00:00-04:00,NVDA,19.769712448120117,301811000
2021-08-04 00:00:00-04:00,NVDA,20.227664947509766,231309000
2021-08-05 00:00:00-04:00,NVDA,20.58983612060547,211435000
2021-08-06 00:00:00-04:00,NVDA,20.3194522857666,178497000
2021-08-09 00:00:00-04:00,NVDA,20.248619079589844,146443000
2021-08-10 00:00:00-04:00,NVDA,19.890439987182617,179238000
2021-08-11 00:00:00-04:00,NVDA,19.653972625732422,185925000
2021-08-12 00:00:00-04:00,NVDA,19.859506607055664,151652000
2021-08-13 00:00:00-04:00,NVDA,20.14185905456543,183063000
2021-08-16 00:00:00-04:00,NVDA,19.904401779174805,210876000
2021-08-17 00:00:00-04:00,NVDA,19.413532257080078,204585000
2021-08-18 00:00:00-04:00,NVDA,18.99648666381836,285913000
2021-08-19 00:00:00-04:00,NVDA,19.752750396728516,766555000
2021-08-20 00:00:00-04:00,NVDA,20.768430709838867,675741000
2021-08-23 00:00:00-04:00,NVDA,21.907812118530273,575807000
2021-08-24 00:00:00-04:00,NVDA,21.74319076538086,297299000
2021-08-25 00:00:00-04:00,NVDA,22.1622314453125,347701000
2021-08-26 00:00:00-04:00,NVDA,22.017562866210938,237940000
2021-08-27 00:00:00-04:00,NVDA,22.584266662597656,304722000
2021-08-30 00:00:00-04:00,NVDA,22.636152267456055,262580000
2021-08-31 00:00:00-04:00,NVDA,22.337778091430664,259850000
2021-09-01 00:00:00-04:00,NVDA,22.393657684326172,201767000
2021-09-02 00:00:00-04:00,NVDA,22.348752975463867,187834000
2021-09-03 00:00:00-04:00,NVDA,22.794815063476562,280532000
2021-09-07 00:00:00-04:00,NVDA,22.614194869995117,198107000
2021-09-08 00:00:00-04:00,NVDA,22.291872024536133,254434000
2021-09-09 00:00:00-04:00,NVDA,22.130216598510742,196856000
2021-09-10 00:00:00-04:00,NVDA,22.430580139160156,248376000
2021-09-13 00:00:00-04:00,NVDA,22.105268478393555,297500000
2021-09-14 00:00:00-04:00,NVDA,22.195079803466797,199755000
2021-09-15 00:00:00-04:00,NVDA,22.293867111206055,166538000
2021-09-16 00:00:00-04:00,NVDA,22.195079803466797,156033000
2021-09-17 00:00:00-04:00,NVDA,21.85379981994629,294503000
2021-09-20 00:00:00-04:00,NVDA,21.06846046447754,349440000
2021-09-21 00:00:00-04:00,NVDA,21.201183319091797,204688000
2021-09-22 00:00:00-04:00,NVDA,21.894716262817383,268726000
2021-09-23 00:00:00-04:00,NVDA,22.4345703125,248555000
2021-09-24 00:00:00-04:00,NVDA,22.0344181060791,217655000
2021-09-27 00:00:00-04:00,NVDA,21.61431121826172,245215000
2021-09-28 00:00:00-04:00,NVDA,20.655332565307617,343069000
2021-09-29 00:00:00-04:00,NVDA,20.473712921142578,218394000
2021-09-30 00:00:00-04:00,NVDA,20.672298431396484,221009000
2021-10-01 00:00:00-04:00,NVDA,20.6982421875,240978000
2021-10-04 00:00:00-04:00,NVDA,19.690378189086914,345635000
2021-10-05 00:00:00-04:00,NVDA,20.407859802246094,279282000
2021-10-06 00:00:00-04:00,NVDA,20.656333923339844,297202000
2021-10-07 00:00:00-04:00,NVDA,21.03054428100586,256919000
2021-10-08 00:00:00-04:00,NVDA,20.787052154541016,151258000
2021-10-11 00:00:00-04:00,NVDA,20.65134048461914,163388000
2021-10-12 00:00:00-04:00,NVDA,20.627391815185547,162134000
2021-10-13 00:00:00-04:00,NVDA,20.894826889038086,180652000
2021-10-14 00:00:00-04:00,NVDA,21.70012855529785,243589000
2021-10-15 00:00:00-04:00,NVDA,21.815881729125977,226994000
2021-10-18 00:00:00-04:00,NVDA,22.175127029418945,189494000
2021-10-19 00:00:00-04:00,NVDA,22.24298095703125,161473000
2021-10-20 00:00:00-04:00,NVDA,22.056373596191406,146276000
2021-10-21 00:00:00-04:00,NVDA,22.644126892089844,187590000
2021-10-22 00:00:00-04:00,NVDA,22.678058624267578,249384000
2021-10-25 00:00:00-04:00,NVDA,23.11713218688965,230235000
2021-10-26 00:00:00-04:00,NVDA,24.664857864379883,485898000
2021-10-27 00:00:00-04:00,NVDA,24.3994197845459,245990000
2021-10-28 00:00:00-04:00,NVDA,24.88838768005371,234204000
2021-10-29 00:00:00-04:00,NVDA,25.513065338134766,292503000
2021-11-01 00:00:00-04:00,NVDA,25.772518157958984,265740000
2021-11-02 00:00:00-04:00,NVDA,26.345306396484375,294112000
2021-11-03 00:00:00-04:00,NVDA,26.54189109802246,239910000
2021-11-04 00:00:00-04:00,NVDA,29.738134384155273,1153631000
2021-11-05 00:00:00-04:00,NVDA,29.689237594604492,851260000
2021-11-08 00:00:00-05:00,NVDA,30.7390193939209,503101000
2021-11-09 00:00:00-05:00,NVDA,30.592329025268555,646746000
2021-11-10 00:00:00-05:00,NVDA,29.396854400634766,636206000
2021-11-11 00:00:00-05:00,NVDA,30.325889587402344,332172000
2021-11-12 00:00:00-05:00,NVDA,30.325889587402344,413054000
2021-11-15 00:00:00-05:00,NVDA,29.961658477783203,384909000
2021-11-16 00:00:00-05:00,NVDA,30.139286041259766,264484000
2021-11-17 00:00:00-05:00,NVDA,29.199270248413086,428508000
2021-11-18 00:00:00-05:00,NVDA,31.608179092407227,781711000
2021-11-19 00:00:00-05:00,NVDA,32.91542434692383,533867000
2021-11-22 00:00:00-05:00,NVDA,31.88858413696289,754335000
2021-11-23 00:00:00-05:00,NVDA,31.679031372070312,532163000
2021-11-24 00:00:00-05:00,NVDA,32.605072021484375,435162000
2021-11-26 00:00:00-05:00,NVDA,31.436546325683594,283069000
2021-11-29 00:00:00-05:00,NVDA,33.30559158325195,454964000
2021-11-30 00:00:00-05:00,NVDA,32.6070671081543,622066000
2021-12-01 00:00:00-05:00,NVDA,31.372528076171875,484368000
2021-12-02 00:00:00-05:00,NVDA,32.06214904785156,472890000
2021-12-03 00:00:00-05:00,NVDA,30.63200569152832,544325000
2021-12-06 00:00:00-05:00,NVDA,29.9773006439209,658938000
2021-12-07 00:00:00-05:00,NVDA,32.3625602722168,593053000
2021-12-08 00:00:00-05:00,NVDA,31.762752532958984,475551000
2021-12-09 00:00:00-05:00,NVDA,30.429405212402344,488507000
2021-12-10 00:00:00-05:00,NVDA,30.137989044189453,488825000
2021-12-13 00:00:00-05:00,NVDA,28.105030059814453,598344000
2021-12-14 00:00:00-05:00,NVDA,28.280683517456055,667035000
2021-12-15 00:00:00-05:00,NVDA,30.398468017578125,698297000
2021-12-16 00:00:00-05:00,NVDA,28.33057975769043,707366000
2021-12-17 00:00:00-05:00,NVDA,27.745752334594727,713758000
2021-12-20 00:00:00-05:00,NVDA,27.66391372680664,461847000
2021-12-21 00:00:00-05:00,NVDA,29.0172176361084,524385000
2021-12-22 00:00:00-05:00,NVDA,29.341569900512695,395184000
2021-12-23 00:00:00-05:00,NVDA,29.581098556518555,343022000
2021-12-27 00:00:00-05:00,NVDA,30.883499145507812,403686000
2021-12-28 00:00:00-05:00,NVDA,30.261741638183594,420591000
2021-12-29 00:00:00-05:00,NVDA,29.941377639770508,343139000
2021-12-30 00:00:00-05:00,NVDA,29.527202606201172,308864000
2021-12-31 00:00:00-05:00,NVDA,29.352548599243164,266530000
2022-01-03 00:00:00-05:00,NVDA,30.061140060424805,391547000
2022-01-04 00:00:00-05:00,NVDA,29.231788635253906,527154000
2022-01-05 00:00:00-05:00,NVDA,27.54913902282715,498064000
2022-01-06 00:00:00-05:00,NVDA,28.121997833251953,454186000
2022-01-07 00:00:00-05:00,NVDA,27.192842483520508,409939000
2022-01-10 00:00:00-05:00,NVDA,27.34554672241211,594681000
2022-01-11 00:00:00-05:00,NVDA,27.761716842651367,404089000
2022-01-12 00:00:00-05:00,NVDA,27.9433536529541,383413000
2022-01-13 00:00:00-05:00,NVDA,26.522184371948242,540171000
2022-01-14 00:00:00-05:00,NVDA,26.888460159301758,395832000
2022-01-18 00:00:00-05:00,NVDA,25.851518630981445,424270000
2022-01-19 00:00:00-05:00,NVDA,25.017181396484375,488315000
2022-01-20 00:00:00-05:00,NVDA,24.102005004882812,435181000
2022-01-21 00:00:00-05:00,NVDA,23.327550888061523,718958000
2022-01-24 00:00:00-05:00,NVDA,23.325550079345703,913982000
2022-01-25 00:00:00-05:00,NVDA,22.279634475708008,664616000
2022-01-26 00:00:00-05:00,NVDA,22.726741790771484,755959000
2022-01-27 00:00:00-05:00,NVDA,21.900386810302734,573353000
2022-01-28 00:00:00-05:00,NVDA,22.79461097717285,543774000
2022-01-31 00:00:00-05:00,NVDA,24.437334060668945,564680000
2022-02-01 00:00:00-05:00,NVDA,24.589035034179688,518925000
2022-02-02 00:00:00-05:00,NVDA,25.191835403442383,543419000
2022-02-03 00:00:00-05:00,NVDA,23.900405883789062,410178000
2022-02-04 00:00:00-05:00,NVDA,24.270668029785156,354829000
2022-02-07 00:00:00-05:00,NVDA,24.67885398864746,376868000
2022-02-08 00:00:00-05:00,NVDA,25.0580997467041,410359000
2022-02-09 00:00:00-05:00,NVDA,26.651931762695312,524282000
2022-02-10 00:00:00-05:00,NVDA,25.772680282592773,513200000
2022-02-11 00:00:00-05:00,NVDA,23.901403427124023,605472000
2022-02-14 00:00:00-05:00,NVDA,24.218774795532227,440424000
2022-02-15 00:00:00-05:00,NVDA,26.442346572875977,699869000
2022-02-16 00:00:00-05:00,NVDA,26.45831298828125,732676000
2022-02-17 00:00:00-05:00,NVDA,24.458297729492188,810595000
2022-02-18 00:00:00-05:00,NVDA,23.59501075744629,761255000
2022-02-22 00:00:00-05:00,NVDA,23.343509674072266,633422000
2022-02-23 00:00:00-05:00,NVDA,22.342506408691406,566511000
2022-02-24 00:00:00-05:00,NVDA,23.7007999420166,735801000
2022-02-25 00:00:00-05:00,NVDA,24.108989715576172,528866000
2022-02-28 00:00:00-05:00,NVDA,24.336538314819336,477319000
2022-03-01 00:00:00-05:00,NVDA,23.43034553527832,412056000
2022-03-02 00:00:00-05:00,NVDA,24.175983428955078,389642000
2022-03-03 00:00:00-05:00,NVDA,23.67090606689453,365095000
2022-03-04 00:00:00-05:00,NVDA,22.894319534301758,431415000
2022-03-07 00:00:00-05:00,NVDA,21.31319808959961,450821000
2022-03-08 00:00:00-05:00,NVDA,21.474903106689453,557467000
2022-03-09 00:00:00-05:00,NVDA,22.972171783447266,492742000
2022-03-10 00:00:00-05:00,NVDA,22.616825103759766,428066000
2022-03-11 00:00:00-05:00,NVDA,22.059839248657227,367209000
2022-03-14 00:00:00-04:00,NVDA,21.291240692138672,385354000
2022-03-15 00:00:00-04:00,NVDA,22.931249618530273,491996000
2022-03-16 00:00:00-04:00,NVDA,24.45148468017578,671422000
2022-03-17 00:00:00-04:00,NVDA,24.720991134643555,471941000
2022-03-18 00:00:00-04:00,NVDA,26.404926300048828,730719000
2022-03-21 00:00:00-04:00,NVDA,26.685415267944336,591727000
2022-03-22 00:00:00-04:00,NVDA,26.475797653198242,547007000
2022-03-23 00:00:00-04:00,NVDA,25.587413787841797,502120000
2022-03-24 00:00:00-04:00,NVDA,28.09884262084961,877379000
2022-03-25 00:00:00-04:00,NVDA,27.641672134399414,579016000
2022-03-28 00:00:00-04:00,NVDA,28.16771697998047,425494000
2022-03-29 00:00:00-04:00,NVDA,28.603919982910156,488984000
2022-03-30 00:00:00-04:00,NVDA,27.639680862426758,463487000
2022-03-31 00:00:00-04:00,NVDA,27.236412048339844,523440000
2022-04-01 00:00:00-04:00,NVDA,26.663454055786133,517235000
2022-04-04 00:00:00-04:00,NVDA,27.310277938842773,397120000
2022-04-05 00:00:00-04:00,NVDA,25.883872985839844,436615000
2022-04-06 00:00:00-04:00,NVDA,24.36264419555664,703833000
2022-04-07 00:00:00-04:00,NVDA,24.164005279541016,557992000
2022-04-08 00:00:00-04:00,NVDA,23.07698631286621,524781000
2022-04-11 00:00:00-04:00,NVDA,21.877166748046875,575207000
2022-04-12 00:00:00-04:00,NVDA,21.464916229248047,662258000
2022-04-13 00:00:00-04:00,NVDA,22.162649154663086,516943000
2022-04-14 00:00:00-04:00,NVDA,21.219369888305664,569097000
2022-04-18 00:00:00-04:00,NVDA,21.743412017822266,525701000
2022-04-19 00:00:00-04:00,NVDA,22.157657623291016,512781000
2022-04-20 00:00:00-04:00,NVDA,21.442960739135742,468974000
2022-04-21 00:00:00-04:00,NVDA,20.146318435668945,656209000
2022-04-22 00:00:00-04:00,NVDA,19.479534149169922,624713000
2022-04-25 00:00:00-04:00,NVDA,19.865829467773438,641566000
2022-04-26 00:00:00-04:00,NVDA,18.753860473632812,653143000
2022-04-27 00:00:00-04:00,NVDA,18.38153648376465,499460000
2022-04-28 00:00:00-04:00,NVDA,19.746051788330078,570327000
2022-04-29 00:00:00-04:00,NVDA,18.51329803466797,500435000
2022-05-02 00:00:00-04:00,NVDA,19.49750328063965,572049000
2022-05-03 00:00:00-04:00,NVDA,19.566377639770508,475751000
2022-05-04 00:00:00-04:00,NVDA,20.297048568725586,648855000
2022-05-05 00:00:00-04:00,NVDA,18.809755325317383,626331000
2022-05-06 00:00:00-04:00,NVDA,18.641063690185547,633297000
2022-05-09 00:00:00-04:00,NVDA,16.9191951751709,644455000
2022-05-10 00:00:00-04:00,NVDA,17.563024520874023,761474000
2022-05-11 00:00:00-04:00,NVDA,16.59977912902832,670167000
2022-05-12 00:00:00-04:00,NVDA,16.145601272583008,708728000
2022-05-13 00:00:00-04:00,NVDA,17.67382049560547,670437000
2022-05-16 00:00:00-04:00,NVDA,17.232627868652344,521446000
2022-05-17 00:00:00-04:00,NVDA,18.143970489501953,585830000
2022-05-18 00:00:00-04:00,NVDA,16.9072208404541,545161000
2022-05-19 00:00:00-04:00,NVDA,17.09288215637207,621310000
2022-05-20 00:00:00-04:00,NVDA,16.66366195678711,739105000
2022-05-23 00:00:00-04:00,NVDA,16.86728858947754,639889000
2022-05-24 00:00:00-04:00,NVDA,16.12464141845703,588550000
2022-05-25 00:00:00-04:00,NVDA,16.944154739379883,781132000
2022-05-26 00:00:00-04:00,NVDA,17.81855583190918,996575000
2022-05-27 00:00:00-04:00,NVDA,18.776813507080078,738379000
2022-05-31 00:00:00-04:00,NVDA,18.63806915283203,664100000
2022-06-01 00:00:00-04:00,NVDA,18.286705017089844,544514000
2022-06-02 00:00:00-04:00,NVDA,19.556392669677734,648656000
2022-06-03 00:00:00-04:00,NVDA,18.68598175048828,598779000
2022-06-06 00:00:00-04:00,NVDA,18.751861572265625,422406000
2022-06-07 00:00:00-04:00,NVDA,18.89160919189453,388914000
2022-06-08 00:00:00-04:00,NVDA,18.618051528930664,363252000
2022-06-09 00:00:00-04:00,NVDA,18.01900863647461,395574000
2022-06-10 00:00:00-04:00,NVDA,16.94673728942871,465248000
2022-06-13 00:00:00-04:00,NVDA,15.621867179870605,604153000
2022-06-14 00:00:00-04:00,NVDA,15.810563087463379,469680000
2022-06-15 00:00:00-04:00,NVDA,16.500452041625977,563936000
2022-06-16 00:00:00-04:00,NVDA,15.57594108581543,545749000
2022-06-17 00:00:00-04:00,NVDA,15.85448932647705,630334000
2022-06-21 00:00:00-04:00,NVDA,16.539392471313477,483089000
2022-06-22 00:00:00-04:00,NVDA,16.33371925354004,437135000
2022-06-23 00:00:00-04:00,NVDA,16.198938369750977,463680000
2022-06-24 00:00:00-04:00,NVDA,17.098487854003906,472153000
2022-06-27 00:00:00-04:00,NVDA,16.84190559387207,427968000
2022-06-28 00:00:00-04:00,NVDA,15.956328392028809,461149000
2022-06-29 00:00:00-04:00,NVDA,15.517034530639648,482352000
2022-06-30 00:00:00-04:00,NVDA,15.134651184082031,686070000
2022-07-01 00:00:00-04:00,NVDA,14.499671936035156,577610000
2022-07-05 00:00:00-04:00,NVDA,14.939962387084961,651397000
2022-07-06 00:00:00-04:00,NVDA,15.105695724487305,529066000
2022-07-07 00:00:00-04:00,NVDA,15.832526206970215,492903000
2022-07-08 00:00:00-04:00,NVDA,15.812560081481934,467972000
2022-07-11 00:00:00-04:00,NVDA,15.127660751342773,437321000
2022-07-12 00:00:00-04:00,NVDA,15.05777359008789,458483000
2022-07-13 00:00:00-04:00,NVDA,15.139640808105469,521918000
2022-07-14 00:00:00-04:00,NVDA,15.347307205200195,456235000
2022-07-15 00:00:00-04:00,NVDA,15.73668098449707,385935000
2022-07-18 00:00:00-04:00,NVDA,16.07513999938965,670517000
2022-07-19 00:00:00-04:00,NVDA,16.964702606201172,702366000
2022-07-20 00:00:00-04:00,NVDA,17.778392791748047,760538000
2022-07-21 00:00:00-04:00,NVDA,18.021007537841797,557049000
2022-07-22 00:00:00-04:00,NVDA,17.291179656982422,536671000
2022-07-25 00:00:00-04:00,NVDA,16.996652603149414,480748000
2022-07-26 00:00:00-04:00,NVDA,16.506446838378906,397865000
2022-07-27 00:00:00-04:00,NVDA,17.761425018310547,569776000
2022-07-28 00:00:00-04:00,NVDA,17.955110549926758,474646000
2022-07-29 00:00:00-04:00,NVDA,18.133827209472656,435460000
2022-08-01 00:00:00-04:00,NVDA,18.411378860473633,476469000
2022-08-02 00:00:00-04:00,NVDA,18.496238708496094,489527000
2022-08-03 00:00:00-04:00,NVDA,18.86264991760254,418146000
2022-08-04 00:00:00-04:00,NVDA,19.184139251708984,409652000
2022-08-05 00:00:00-04:00,NVDA,18.958499908447266,386068000
2022-08-08 00:00:00-04:00,NVDA,17.764419555664062,981859000
2022-08-09 00:00:00-04:00,NVDA,17.058555603027344,668263000
2022-08-10 00:00:00-04:00,NVDA,18.067928314208984,597422000
2022-08-11 00:00:00-04:00,NVDA,17.913179397583008,509327000
2022-08-12 00:00:00-04:00,NVDA,18.678945541381836,478094000
2022-08-15 00:00:00-04:00,NVDA,19.001428604125977,457666000
2022-08-16 00:00:00-04:00,NVDA,18.848676681518555,451240000
2022-08-17 00:00:00-04:00,NVDA,18.305543899536133,446799000
2022-08-18 00:00:00-04:00,NVDA,18.742843627929688,415447000
2022-08-19 00:00:00-04:00,NVDA,17.820327758789062,441588000
2022-08-22 00:00:00-04:00,NVDA,17.006637573242188,409593000
2022-08-23 00:00:00-04:00,NVDA,17.15340232849121,369986000
2022-08-24 00:00:00-04:00,NVDA,17.1943359375,522661000
2022-08-25 00:00:00-04:00,NVDA,17.88422393798828,770691000
2022-08-26 00:00:00-04:00,NVDA,16.233882904052734,769127000
2022-08-29 00:00:00-04:00,NVDA,15.775618553161621,496132000
2022-08-30 00:00:00-04:00,NVDA,15.443154335021973,530181000
2022-08-31 00:00:00-04:00,NVDA,15.069756507873535,573710000
2022-09-01 00:00:00-04:00,NVDA,13.91461181640625,1178865000
2022-09-02 00:00:00-04:00,NVDA,13.625079154968262,743157000
2022-09-06 00:00:00-04:00,NVDA,13.443371772766113,535751000
2022-09-07 00:00:00-04:00,NVDA,13.696041107177734,512657000
2022-09-08 00:00:00-04:00,NVDA,13.971678733825684,624873000
2022-09-09 00:00:00-04:00,NVDA,14.368156433105469,486612000
2022-09-12 00:00:00-04:00,NVDA,14.486001968383789,484159000
2022-09-13 00:00:00-04:00,NVDA,13.113805770874023,714956000
2022-09-14 00:00:00-04:00,NVDA,13.110808372497559,588507000
2022-09-15 00:00:00-04:00,NVDA,12.912067413330078,523625000
2022-09-16 00:00:00-04:00,NVDA,13.180715560913086,670751000
2022-09-19 00:00:00-04:00,NVDA,13.36447525024414,569685000
2022-09-20 00:00:00-04:00,NVDA,13.158744812011719,524818000
2022-09-21 00:00:00-04:00,NVDA,13.243630409240723,807679000
2022-09-22 00:00:00-04:00,NVDA,12.544548988342285,759162000
2022-09-23 00:00:00-04:00,NVDA,12.49960994720459,663309000
2022-09-26 00:00:00-04:00,NVDA,12.21198558807373,547343000
2022-09-27 00:00:00-04:00,NVDA,12.39674186706543,553854000
2022-09-28 00:00:00-04:00,NVDA,12.719320297241211,542414000
2022-09-29 00:00:00-04:00,NVDA,12.203995704650879,532763000
2022-09-30 00:00:00-04:00,NVDA,12.123103141784668,565638000
2022-10-03 00:00:00-04:00,NVDA,12.495614051818848,547478000
2022-10-04 00:00:00-04:00,NVDA,13.14975643157959,584182000
2022-10-05 00:00:00-04:00,NVDA,13.19170093536377,507131000
2022-10-06 00:00:00-04:00,NVDA,13.11280632019043,644157000
2022-10-07 00:00:00-04:00,NVDA,12.060184478759766,672478000
2022-10-10 00:00:00-04:00,NVDA,11.654717445373535,698699000
2022-10-11 00:00:00-04:00,NVDA,11.570826530456543,667482000
2022-10-12 00:00:00-04:00,NVDA,11.484939575195312,492590000
2022-10-13 00:00:00-04:00,NVDA,11.944337844848633,850103000
2022-10-14 00:00:00-04:00,NVDA,11.212294578552246,713432000
2022-10-17 00:00:00-04:00,NVDA,11.872428894042969,580774000
2022-10-18 00:00:00-04:00,NVDA,11.95132827758789,659362000
2022-10-19 00:00:00-04:00,NVDA,12.03521728515625,523131000
2022-10-20 00:00:00-04:00,NVDA,12.178030014038086,652398000
2022-10-21 00:00:00-04:00,NVDA,12.449671745300293,609494000
2022-10-24 00:00:00-04:00,NVDA,12.582500457763672,517457000
2022-10-25 00:00:00-04:00,NVDA,13.243630409240723,505482000
2022-10-26 00:00:00-04:00,NVDA,12.879111289978027,532953000
2022-10-27 00:00:00-04:00,NVDA,13.158744812011719,583113000
2022-10-28 00:00:00-04:00,NVDA,13.81588363647461,521040000
2022-10-31 00:00:00-04:00,NVDA,13.479323387145996,486341000
2022-11-01 00:00:00-04:00,NVDA,13.525263786315918,432817000
2022-11-02 00:00:00-04:00,NVDA,13.201687812805176,672628000
2022-11-03 00:00:00-04:00,NVDA,13.403422355651855,500065000
2022-11-04 00:00:00-04:00,NVDA,14.137460708618164,612576000
2022-11-07 00:00:00-05:00,NVDA,14.282269477844238,410061000
2022-11-08 00:00:00-05:00,NVDA,14.582878112792969,595292000
2022-11-09 00:00:00-05:00,NVDA,13.757959365844727,454414000
2022-11-10 00:00:00-05:00,NVDA,15.729373931884766,700819000
2022-11-11 00:00:00-05:00,NVDA,16.30561637878418,655487000
2022-11-14 00:00:00-05:00,NVDA,16.273656845092773,527852000
2022-11-15 00:00:00-05:00,NVDA,16.64417266845703,545876000
2022-11-16 00:00:00-05:00,NVDA,15.889162063598633,649547000
2022-11-17 00:00:00-05:00,NVDA,15.656468391418457,710894000
2022-11-18 00:00:00-05:00,NVDA,15.388819694519043,492072000
2022-11-21 00:00:00-05:00,NVDA,15.296941757202148,404739000
2022-11-22 00:00:00-05:00,NVDA,16.016996383666992,472866000
2022-11-23 00:00:00-05:00,NVDA,16.497365951538086,427241000
2022-11-25 00:00:00-05:00,NVDA,16.24869155883789,167934000
2022-11-28 00:00:00-05:00,NVDA,15.80627155303955,303741000
2022-11-29 00:00:00-05:00,NVDA,15.618518829345703,298384000
2022-11-30 00:00:00-05:00,NVDA,16.905160903930664,565298000
2022-12-01 00:00:00-05:00,NVDA,17.1169376373291,470977000
2022-12-02 00:00:00-05:00,NVDA,16.85820960998535,371389000
2022-12-05 00:00:00-05:00,NVDA,16.59248924255371,352255000
2022-12-06 00:00:00-05:00,NVDA,15.970149040222168,352694000
2022-12-07 00:00:00-05:00,NVDA,16.103010177612305,372388000
2022-12-08 00:00:00-05:00,NVDA,17.150897979736328,515456000
2022-12-09 00:00:00-05:00,NVDA,16.983076095581055,465338000
2022-12-12 00:00:00-05:00,NVDA,17.516517639160156,457328000
2022-12-13 00:00:00-05:00,NVDA,18.052953720092773,656589000
2022-12-14 00:00:00-05:00,NVDA,17.655370712280273,496888000
2022-12-15 00:00:00-05:00,NVDA,16.934127807617188,478542000
2022-12-16 00:00:00-05:00,NVDA,16.553529739379883,478232000
2022-12-19 00:00:00-05:00,NVDA,16.236865997314453,354039000
2022-12-20 00:00:00-05:00,NVDA,16.068044662475586,403260000
2022-12-21 00:00:00-05:00,NVDA,16.483600616455078,325025000
2022-12-22 00:00:00-05:00,NVDA,15.322830200195312,565045000
2022-12-23 00:00:00-05:00,NVDA,15.189972877502441,349326000
2022-12-27 00:00:00-05:00,NVDA,14.106114387512207,464902000
2022-12-28 00:00:00-05:00,NVDA,14.021204948425293,351066000
2022-12-29 00:00:00-05:00,NVDA,14.587607383728027,354923000
2022-12-30 00:00:00-05:00,NVDA,14.598594665527344,310490000
2023-01-03 00:00:00-05:00,NVDA,14.299910545349121,401277000
2023-01-04 00:00:00-05:00,NVDA,14.733453750610352,431324000
2023-01-05 00:00:00-05:00,NVDA,14.24996280670166,389168000
2023-01-06 00:00:00-05:00,NVDA,14.843337059020996,405044000
2023-01-09 00:00:00-05:00,NVDA,15.611526489257812,504231000
2023-01-10 00:00:00-05:00,NVDA,15.892231941223145,384101000
2023-01-11 00:00:00-05:00,NVDA,15.984130859375,353285000
2023-01-12 00:00:00-05:00,NVDA,16.49359703063965,551409000
2023-01-13 00:00:00-05:00,NVDA,16.88118553161621,447287000
2023-01-17 00:00:00-05:00,NVDA,17.683340072631836,511102000
2023-01-18 00:00:00-05:00,NVDA,17.35868263244629,439624000
2023-01-19 00:00:00-05:00,NVDA,16.74732780456543,452932000
2023-01-20 00:00:00-05:00,NVDA,17.8201961517334,564967000
2023-01-23 00:00:00-05:00,NVDA,19.17276954650879,655163000
2023-01-24 00:00:00-05:00,NVDA,19.24468994140625,496204000
2023-01-25 00:00:00-05:00,NVDA,19.302629470825195,449537000
2023-01-26 00:00:00-05:00,NVDA,19.781126022338867,489535000
2023-01-27 00:00:00-05:00,NVDA,20.343534469604492,542142000
2023-01-30 00:00:00-05:00,NVDA,19.141801834106445,488611000
2023-01-31 00:00:00-05:00,NVDA,19.516401290893555,498017000
2023-02-01 00:00:00-05:00,NVDA,20.92092514038086,660477000
2023-02-02 00:00:00-05:00,NVDA,21.686113357543945,564276000
2023-02-03 00:00:00-05:00,NVDA,21.077754974365234,429366000
2023-02-06 00:00:00-05:00,NVDA,21.0667724609375,452197000
2023-02-07 00:00:00-05:00,NVDA,22.149625778198242,664150000
2023-02-08 00:00:00-05:00,NVDA,22.18159294128418,559651000
2023-02-09 00:00:00-05:00,NVDA,22.313451766967773,523876000
2023-02-10 00:00:00-05:00,NVDA,21.242582321166992,550737000
2023-02-13 00:00:00-05:00,NVDA,21.765029907226562,474919000
2023-02-14 00:00:00-05:00,NVDA,22.946786880493164,675474000
2023-02-15 00:00:00-05:00,NVDA,22.74000358581543,420575000
2023-02-16 00:00:00-05:00,NVDA,21.97880744934082,412026000
2023-02-17 00:00:00-05:00,NVDA,21.365455627441406,465888000
2023-02-21 00:00:00-05:00,NVDA,20.633224487304688,410015000
2023-02-22 00:00:00-05:00,NVDA,20.73212242126465,513184000
2023-02-23 00:00:00-05:00,NVDA,23.639049530029297,1117995000
2023-02-24 00:00:00-05:00,NVDA,23.26145362854004,589716000
2023-02-27 00:00:00-05:00,NVDA,23.476224899291992,452994000
2023-02-28 00:00:00-05:00,NVDA,23.1915283203125,455963000
2023-03-01 00:00:00-05:00,NVDA,22.674072265625,460026000
2023-03-02 00:00:00-05:00,NVDA,23.2894229888916,389415000
2023-03-03 00:00:00-05:00,NVDA,23.864816665649414,412393000
2023-03-06 00:00:00-05:00,NVDA,23.5291690826416,437429000
2023-03-07 00:00:00-05:00,NVDA,23.26740264892578,515154000
2023-03-08 00:00:00-05:00,NVDA,24.159610748291016,513573000
2023-03-09 00:00:00-05:00,NVDA,23.41526985168457,501257000
2023-03-10 00:00:00-05:00,NVDA,22.944686889648438,474866000
2023-03-13 00:00:00-04:00,NVDA,22.94568634033203,421890000
2023-03-14 00:00:00-04:00,NVDA,24.041717529296875,474910000
2023-03-15 00:00:00-04:00,NVDA,24.206571578979492,524486000
2023-03-16 00:00:00-04:00,NVDA,25.518413543701172,583253000
2023-03-17 00:00:00-04:00,NVDA,25.70224952697754,848547000
2023-03-20 00:00:00-04:00,NVDA,25.877092361450195,432747000
2023-03-21 00:00:00-04:00,NVDA,26.175823211669922,547408000
2023-03-22 00:00:00-04:00,NVDA,26.444591522216797,797295000
2023-03-23 00:00:00-04:00,NVDA,27.166954040527344,564889000
2023-03-24 00:00:00-04:00,NVDA,26.75531768798828,454920000
2023-03-27 00:00:00-04:00,NVDA,26.507535934448242,361026000
2023-03-28 00:00:00-04:00,NVDA,26.386638641357422,356104000
2023-03-29 00:00:00-04:00,NVDA,26.960134506225586,393694000
2023-03-30 00:00:00-04:00,NVDA,27.358779907226562,364516000
2023-03-31 00:00:00-04:00,NVDA,27.752431869506836,433933000
2023-04-03 00:00:00-04:00,NVDA,27.940265655517578,398716000
2023-04-04 00:00:00-04:00,NVDA,27.4287166595459,368592000
2023-04-05 00:00:00-04:00,NVDA,26.857223510742188,515015000
2023-04-06 00:00:00-04:00,NVDA,27.013084411621094,397654000
2023-04-10 00:00:00-04:00,NVDA,27.554609298706055,395279000
2023-04-11 00:00:00-04:00,NVDA,27.144973754882812,314378000
2023-04-12 00:00:00-04:00,NVDA,26.471569061279297,446259000
2023-04-13 00:00:00-04:00,NVDA,26.439592361450195,353615000
2023-04-14 00:00:00-04:00,NVDA,26.734329223632812,395660000
2023-04-17 00:00:00-04:00,NVDA,26.978116989135742,321471000
2023-04-18 00:00:00-04:00,NVDA,27.64253044128418,604812000
2023-04-19 00:00:00-04:00,NVDA,27.906293869018555,358660000
2023-04-20 00:00:00-04:00,NVDA,27.080028533935547,427713000
2023-04-21 00:00:00-04:00,NVDA,27.095014572143555,345103000
2023-04-24 00:00:00-04:00,NVDA,27.018081665039062,339282000
2023-04-25 00:00:00-04:00,NVDA,26.217788696289062,378527000
2023-04-26 00:00:00-04:00,NVDA,26.93215560913086,406337000
2023-04-27 00:00:00-04:00,NVDA,27.20191764831543,377161000
2023-04-28 00:00:00-04:00,NVDA,27.724456787109375,292216000
2023-05-01 00:00:00-04:00,NVDA,28.88442611694336,570329000
2023-05-02 00:00:00-04:00,NVDA,28.185049057006836,402730000
2023-05-03 00:00:00-04:00,NVDA,27.77741241455078,383387000
2023-05-04 00:00:00-04:00,NVDA,27.537622451782227,321850000
2023-05-05 00:00:00-04:00,NVDA,28.654632568359375,361494000
2023-05-08 00:00:00-04:00,NVDA,29.12520980834961,344979000
2023-05-09 00:00:00-04:00,NVDA,28.54572868347168,314869000
2023-05-10 00:00:00-04:00,NVDA,28.859453201293945,369350000
2023-05-11 00:00:00-04:00,NVDA,28.55272102355957,322149000
2023-05-12 00:00:00-04:00,NVDA,28.314931869506836,274222000
2023-05-15 00:00:00-04:00,NVDA,28.927391052246094,293926000
2023-05-16 00:00:00-04:00,NVDA,29.187162399291992,449405000
2023-05-17 00:00:00-04:00,NVDA,30.15130615234375,432535000
2023-05-18 00:00:00-04:00,NVDA,31.649982452392578,748725000
2023-05-19 00:00:00-04:00,NVDA,31.23634910583496,473908000
2023-05-22 00:00:00-04:00,NVDA,31.148426055908203,372000000
2023-05-23 00:00:00-04:00,NVDA,30.660860061645508,356253000
2023-05-24 00:00:00-04:00,NVDA,30.510990142822266,721419000
2023-05-25 00:00:00-04:00,NVDA,37.946407318115234,1543911000
2023-05-26 00:00:00-04:00,NVDA,38.91155242919922,714397000
2023-05-30 00:00:00-04:00,NVDA,40.075523376464844,923401000
2023-05-31 00:00:00-04:00,NVDA,37.800540924072266,1002580000
2023-06-01 00:00:00-04:00,NVDA,39.734825134277344,635873000
2023-06-02 00:00:00-04:00,NVDA,39.29221725463867,482731000
2023-06-05 00:00:00-04:00,NVDA,39.136356353759766,396094000
2023-06-06 00:00:00-04:00,NVDA,38.61981201171875,388729000
2023-06-07 00:00:00-04:00,NVDA,37.44572830200195,511998000
2023-06-08 00:00:00-04:00,NVDA,38.47991943359375,417772000
2023-06-09 00:00:00-04:00,NVDA,38.739715576171875,427717000
2023-06-12 00:00:00-04:00,NVDA,39.45115661621094,388701000
2023-06-13 00:00:00-04:00,NVDA,40.989952087402344,613208000
2023-06-14 00:00:00-04:00,NVDA,42.96342468261719,740465000
2023-06-15 00:00:00-04:00,NVDA,42.61968994140625,568622000
2023-06-16 00:00:00-04:00,NVDA,42.658653259277344,655709000
2023-06-20 00:00:00-04:00,NVDA,43.773780822753906,451153000
2023-06-21 00:00:00-04:00,NVDA,43.011383056640625,551603000
2023-06-22 00:00:00-04:00,NVDA,42.99139404296875,417737000
2023-06-23 00:00:00-04:00,NVDA,42.1760368347168,358140000
2023-06-26 00:00:00-04:00,NVDA,40.60026550292969,594322000
2023-06-27 00:00:00-04:00,NVDA,41.843292236328125,462175000
2023-06-28 00:00:00-04:00,NVDA,41.08488464355469,582639000
2023-06-29 00:00:00-04:00,NVDA,40.79011154174805,380514000
2023-06-30 00:00:00-04:00,NVDA,42.268959045410156,501148000
2023-07-03 00:00:00-04:00,NVDA,42.37986755371094,198209000
2023-07-05 00:00:00-04:00,NVDA,42.2839469909668,323618000
2023-07-06 00:00:00-04:00,NVDA,42.07011413574219,303582000
2023-07-07 00:00:00-04:00,NVDA,42.46979904174805,355881000
2023-07-10 00:00:00-04:00,NVDA,42.14706039428711,353908000
2023-07-11 00:00:00-04:00,NVDA,42.37187194824219,298244000
2023-07-12 00:00:00-04:00,NVDA,43.867706298828125,481277000
2023-07-13 00:00:00-04:00,NVDA,45.94108963012695,478204000
2023-07-14 00:00:00-04:00,NVDA,45.43348693847656,772075000
2023-07-17 00:00:00-04:00,NVDA,46.42470932006836,510488000
2023-07-18 00:00:00-04:00,NVDA,47.4568977355957,569164000
2023-07-19 00:00:00-04:00,NVDA,47.04022979736328,427502000
2023-07-20 00:00:00-04:00,NVDA,45.48444747924805,537865000
2023-07-21 00:00:00-04:00,NVDA,44.274391174316406,963769000
2023-07-24 00:00:00-04:00,NVDA,44.57715606689453,382516000
2023-07-25 00:00:00-04:00,NVDA,45.64332580566406,348081000
2023-07-26 00:00:00-04:00,NVDA,45.41649627685547,364237000
2023-07-27 00:00:00-04:00,NVDA,45.86415100097656,455976000
2023-07-28 00:00:00-04:00,NVDA,46.71348190307617,331194000
2023-07-31 00:00:00-04:00,NVDA,46.692501068115234,251055000
2023-08-01 00:00:00-04:00,NVDA,46.47067642211914,237858000
2023-08-02 00:00:00-04:00,NVDA,44.23442459106445,530142000
2023-08-03 00:00:00-04:00,NVDA,44.48023223876953,324176000
2023-08-04 00:00:00-04:00,NVDA,44.64509963989258,362666000
2023-08-07 00:00:00-04:00,NVDA,45.381526947021484,322154000
2023-08-08 00:00:00-04:00,NVDA,44.62911605834961,353843000
2023-08-09 00:00:00-04:00,NVDA,42.5207633972168,586449000
2023-08-10 00:00:00-04:00,NVDA,42.354896545410156,492705000
2023-08-11 00:00:00-04:00,NVDA,40.823089599609375,533085000
2023-08-14 00:00:00-04:00,NVDA,43.71881866455078,690286000
2023-08-15 00:00:00-04:00,NVDA,43.90568161010742,676512000
2023-08-16 00:00:00-04:00,NVDA,43.452030181884766,527451000
2023-08-17 00:00:00-04:00,NVDA,43.31013870239258,452395000
2023-08-18 00:00:00-04:00,NVDA,43.265174865722656,583768000
2023-08-21 00:00:00-04:00,NVDA,46.93031692504883,692573000
2023-08-22 00:00:00-04:00,NVDA,45.63232421875,755293000
2023-08-23 00:00:00-04:00,NVDA,47.07920455932617,779046000
2023-08-24 00:00:00-04:00,NVDA,47.12615966796875,1156044000
2023-08-25 00:00:00-04:00,NVDA,45.982059478759766,925341000
2023-08-28 00:00:00-04:00,NVDA,46.79841613769531,685192000
2023-08-29 00:00:00-04:00,NVDA,48.745887756347656,701397000
2023-08-30 00:00:00-04:00,NVDA,49.22551727294922,735206000
2023-08-31 00:00:00-04:00,NVDA,49.316444396972656,528570000
2023-09-01 00:00:00-04:00,NVDA,48.47111129760742,463830000
2023-09-05 00:00:00-04:00,NVDA,48.51008224487305,382653000
2023-09-06 00:00:00-04:00,NVDA,47.028114318847656,468670000
2023-09-07 00:00:00-04:00,NVDA,46.20869064331055,433330000
2023-09-08 00:00:00-04:00,NVDA,45.5401496887207,473069000
2023-09-11 00:00:00-04:00,NVDA,45.14643096923828,473966000
2023-09-12 00:00:00-04:00,NVDA,44.838645935058594,349256000
2023-09-13 00:00:00-04:00,NVDA,45.45321273803711,398355000
2023-09-14 00:00:00-04:00,NVDA,45.54915237426758,370097000
2023-09-15 00:00:00-04:00,NVDA,43.86932373046875,506831000
2023-09-18 00:00:00-04:00,NVDA,43.93527603149414,500271000
2023-09-19 00:00:00-04:00,NVDA,43.48958969116211,373064000
2023-09-20 00:00:00-04:00,NVDA,42.2094841003418,367108000
2023-09-21 00:00:00-04:00,NVDA,40.98833465576172,450736000
2023-09-22 00:00:00-04:00,NVDA,41.580928802490234,479236000
2023-09-25 00:00:00-04:00,NVDA,42.19249725341797,419091000
2023-09-26 00:00:00-04:00,NVDA,41.8817138671875,402282000
2023-09-27 00:00:00-04:00,NVDA,42.43832015991211,444935000
2023-09-28 00:00:00-04:00,NVDA,43.05889129638672,424663000
2023-09-29 00:00:00-04:00,NVDA,43.468605041503906,397830000
2023-10-02 00:00:00-04:00,NVDA,44.750709533691406,433298000
2023-10-03 00:00:00-04:00,NVDA,43.48658752441406,470850000
2023-10-04 00:00:00-04:00,NVDA,44.010231018066406,361821000
2023-10-05 00:00:00-04:00,NVDA,44.65677261352539,393483000
2023-10-06 00:00:00-04:00,NVDA,45.73002243041992,434436000
2023-10-09 00:00:00-04:00,NVDA,45.24135971069336,409675000
2023-10-10 00:00:00-04:00,NVDA,45.76599884033203,368582000
2023-10-11 00:00:00-04:00,NVDA,46.77329635620117,378137000
2023-10-12 00:00:00-04:00,NVDA,46.91219711303711,481325000
2023-10-13 00:00:00-04:00,NVDA,45.42923355102539,474115000
2023-10-16 00:00:00-04:00,NVDA,46.06278991699219,375099000
2023-10-17 00:00:00-04:00,NVDA,43.90730285644531,812333000
2023-10-18 00:00:00-04:00,NVDA,42.16651153564453,627294000
2023-10-19 00:00:00-04:00,NVDA,42.07158279418945,501233000
2023-10-20 00:00:00-04:00,NVDA,41.35807800292969,477266000
2023-10-23 00:00:00-04:00,NVDA,42.94497299194336,478530000
2023-10-24 00:00:00-04:00,NVDA,43.63248825073242,401463000
2023-10-25 00:00:00-04:00,NVDA,41.74980545043945,398379000
2023-10-26 00:00:00-04:00,NVDA,40.297821044921875,541001000
2023-10-27 00:00:00-04:00,NVDA,40.47169876098633,416784000
2023-10-30 00:00:00-04:00,NVDA,41.13223648071289,388028000
2023-10-31 00:00:00-04:00,NVDA,40.75150680541992,517969000
2023-11-01 00:00:00-04:00,NVDA,42.29542541503906,437593000
2023-11-02 00:00:00-04:00,NVDA,43.4755973815918,409172000
2023-11-03 00:00:00-04:00,NVDA,44.973548889160156,424610000
2023-11-06 00:00:00-05:00,NVDA,45.71902847290039,400733000
2023-11-07 00:00:00-05:00,NVDA,45.922889709472656,343165000
2023-11-08 00:00:00-05:00,NVDA,46.54145812988281,346719000
2023-11-09 00:00:00-05:00,NVDA,46.917198181152344,540496000
2023-11-10 00:00:00-05:00,NVDA,48.301231384277344,421245000
2023-11-13 00:00:00-05:00,NVDA,48.58602523803711,384136000
2023-11-14 00:00:00-05:00,NVDA,49.621299743652344,416954000
2023-11-15 00:00:00-05:00,NVDA,48.85383987426758,475497000
2023-11-16 00:00:00-05:00,NVDA,49.44542694091797,339756000
2023-11-17 00:00:00-05:00,NVDA,49.26355743408203,325205000
2023-11-20 00:00:00-05:00,NVDA,50.373775482177734,414120000
2023-11-21 00:00:00-05:00,NVDA,49.90909957885742,565747000
2023-11-22 00:00:00-05:00,NVDA,48.68196105957031,899420000
2023-11-24 00:00:00-05:00,NVDA,47.74262237548828,294645000
2023-11-27 00:00:00-05:00,NVDA,48.20829391479492,395662000
2023-11-28 00:00:00-05:00,NVDA,47.78758239746094,401491000
2023-11-29 00:00:00-05:00,NVDA,48.10635757446289,382005000
2023-11-30 00:00:00-05:00,NVDA,46.73731994628906,526247000
2023-12-01 00:00:00-05:00,NVDA,46.73232650756836,369317000
2023-12-04 00:00:00-05:00,NVDA,45.47820281982422,437543000
2023-12-05 00:00:00-05:00,NVDA,46.537559509277344,371718000
2023-12-06 00:00:00-05:00,NVDA,45.47520065307617,380590000
2023-12-07 00:00:00-05:00,NVDA,46.56753158569336,350823000
2023-12-08 00:00:00-05:00,NVDA,47.47698211669922,359224000
2023-12-11 00:00:00-05:00,NVDA,46.59851837158203,509728000
2023-12-12 00:00:00-05:00,NVDA,47.62788772583008,372387000
2023-12-13 00:00:00-05:00,NVDA,48.058624267578125,447792000
2023-12-14 00:00:00-05:00,NVDA,48.32045364379883,391232000
2023-12-15 00:00:00-05:00,NVDA,48.860130310058594,479948000
2023-12-18 00:00:00-05:00,NVDA,50.04640579223633,412587000
2023-12-19 00:00:00-05:00,NVDA,49.573692321777344,464444000
2023-12-20 00:00:00-05:00,NVDA,48.08161163330078,397894000
2023-12-21 00:00:00-05:00,NVDA,48.96007537841797,300425000
2023-12-22 00:00:00-05:00,NVDA,48.8001708984375,252507000
2023-12-26 00:00:00-05:00,NVDA,49.2488899230957,244200000
2023-12-27 00:00:00-05:00,NVDA,49.38681411743164,233648000
2023-12-28 00:00:00-05:00,NVDA,49.49174499511719,246587000
2023-12-29 00:00:00-05:00,NVDA,49.49174499511719,389293000
2024-01-02 00:00:00-05:00,NVDA,48.138572692871094,411254000
2024-01-03 00:00:00-05:00,NVDA,47.539939880371094,320896000
2024-01-04 00:00:00-05:00,NVDA,47.96868133544922,306535000
2024-01-05 00:00:00-05:00,NVDA,49.06700134277344,415039000
2024-01-08 00:00:00-05:00,NVDA,52.22107696533203,642510000
2024-01-09 00:00:00-05:00,NVDA,53.10753631591797,773100000
2024-01-10 00:00:00-05:00,NVDA,54.31679916381836,533796000
2024-01-11 00:00:00-05:00,NVDA,54.788509368896484,596759000
2024-01-12 00:00:00-05:00,NVDA,54.676578521728516,352994000
2024-01-16 00:00:00-05:00,NVDA,56.34756088256836,449580000
2024-01-17 00:00:00-05:00,NVDA,56.01875686645508,474394000
2024-01-18 00:00:00-05:00,NVDA,57.072113037109375,491650000
2024-01-19 00:00:00-05:00,NVDA,59.45466232299805,543501000
2024-01-22 00:00:00-05:00,NVDA,59.61756134033203,452955000
2024-01-23 00:00:00-05:00,NVDA,59.83642578125,294654000
2024-01-24 00:00:00-05:00,NVDA,61.32451629638672,560271000
2024-01-25 00:00:00-05:00,NVDA,61.57936096191406,482777000
2024-01-26 00:00:00-05:00,NVDA,60.993717193603516,390309000
2024-01-29 00:00:00-05:00,NVDA,62.426841735839844,348733000
2024-01-30 00:00:00-05:00,NVDA,62.73564910888672,410735000
2024-01-31 00:00:00-05:00,NVDA,61.48942184448242,453795000
2024-02-01 00:00:00-05:00,NVDA,62.98849105834961,369146000
2024-02-02 00:00:00-05:00,NVDA,66.11958312988281,476578000
2024-02-05 00:00:00-05:00,NVDA,69.28964233398438,680078000
2024-02-06 00:00:00-05:00,NVDA,68.18132019042969,683111000
2024-02-07 00:00:00-05:00,NVDA,70.0561752319336,495575000
2024-02-08 00:00:00-05:00,NVDA,69.59844970703125,414422000
2024-02-09 00:00:00-05:00,NVDA,72.08895111083984,436637000
2024-02-12 00:00:00-05:00,NVDA,72.20387268066406,613710000
2024-02-13 00:00:00-05:00,NVDA,72.08395385742188,602580000
2024-02-14 00:00:00-05:00,NVDA,73.85486602783203,504917000
2024-02-15 00:00:00-05:00,NVDA,72.61360931396484,420122000
2024-02-16 00:00:00-05:00,NVDA,72.56863403320312,495327000
2024-02-20 00:00:00-05:00,NVDA,69.40958404541016,704833000
2024-02-21 00:00:00-05:00,NVDA,67.4307861328125,673755000
2024-02-22 00:00:00-05:00,NVDA,78.49002838134766,865100000
2024-02-23 00:00:00-05:00,NVDA,78.76885223388672,829388000
2024-02-26 00:00:00-05:00,NVDA,79.0436782836914,503973000
2024-02-27 00:00:00-05:00,NVDA,78.65290832519531,391705000
2024-02-28 00:00:00-05:00,NVDA,77.61555480957031,393110000
2024-02-29 00:00:00-05:00,NVDA,79.06366729736328,507289000
2024-03-01 00:00:00-05:00,NVDA,82.2287368774414,479135000
2024-03-04 00:00:00-05:00,NVDA,85.1849365234375,615616000
2024-03-05 00:00:00-05:00,NVDA,85.91551971435547,520639000
2024-03-06 00:00:00-05:00,NVDA,88.64996337890625,582520000
2024-03-07 00:00:00-05:00,NVDA,92.61672973632812,608119000
2024-03-08 00:00:00-05:00,NVDA,87.47863006591797,1142269000
2024-03-11 00:00:00-04:00,NVDA,85.72563171386719,678364000
2024-03-12 00:00:00-04:00,NVDA,91.86116027832031,668075000
2024-03-13 00:00:00-04:00,NVDA,90.83673095703125,635713000
2024-03-14 00:00:00-04:00,NVDA,87.89439392089844,602318000
2024-03-15 00:00:00-04:00,NVDA,87.7874526977539,642086000
2024-03-18 00:00:00-04:00,NVDA,88.40511322021484,668976000
2024-03-19 00:00:00-04:00,NVDA,89.34757995605469,672171000
2024-03-20 00:00:00-04:00,NVDA,90.32102966308594,479063000
2024-03-21 00:00:00-04:00,NVDA,91.3834228515625,480372000
2024-03-22 00:00:00-04:00,NVDA,94.23580932617188,586719000
2024-03-25 00:00:00-04:00,NVDA,94.94841766357422,552136000
2024-03-26 00:00:00-04:00,NVDA,92.50879669189453,513648000
2024-03-27 00:00:00-04:00,NVDA,90.1990966796875,586067000
2024-03-28 00:00:00-04:00,NVDA,90.30503845214844,435212000
2024-04-01 00:00:00-04:00,NVDA,90.3120346069336,452441000
2024-04-02 00:00:00-04:00,NVDA,89.40154266357422,433064000
2024-04-03 00:00:00-04:00,NVDA,88.91383361816406,370067000
2024-04-04 00:00:00-04:00,NVDA,85.8565444946289,434965000
2024-04-05 00:00:00-04:00,NVDA,87.95836639404297,399678000
2024-04-08 00:00:00-04:00,NVDA,87.08384704589844,283220000
2024-04-09 00:00:00-04:00,NVDA,85.30583953857422,501700000
2024-04-10 00:00:00-04:00,NVDA,86.98990631103516,431929000
2024-04-11 00:00:00-04:00,NVDA,90.56489562988281,431637000
2024-04-12 00:00:00-04:00,NVDA,88.13626861572266,426805000
2024-04-15 00:00:00-04:00,NVDA,85.9524917602539,443077000
2024-04-16 00:00:00-04:00,NVDA,87.36569213867188,370453000
2024-04-17 00:00:00-04:00,NVDA,83.98760223388672,495400000
2024-04-18 00:00:00-04:00,NVDA,84.62324523925781,447260000
2024-04-19 00:00:00-04:00,NVDA,76.15702056884766,875198000
2024-04-22 00:00:00-04:00,NVDA,79.47314453125,596341000
2024-04-23 00:00:00-04:00,NVDA,82.37651062011719,438559000
2024-04-24 00:00:00-04:00,NVDA,79.63207244873047,512208000
2024-04-25 00:00:00-04:00,NVDA,82.58539581298828,424641000
2024-04-26 00:00:00-04:00,NVDA,87.6855239868164,551011000
2024-04-29 00:00:00-04:00,NVDA,87.70751190185547,388971000
2024-04-30 00:00:00-04:00,NVDA,86.353271484375,363709000
2024-05-01 00:00:00-04:00,NVDA,82.99415588378906,559863000
2024-05-02 00:00:00-04:00,NVDA,85.76860046386719,377898000
2024-05-03 00:00:00-04:00,NVDA,88.7389144897461,398341000
2024-05-06 00:00:00-04:00,NVDA,92.08802795410156,376203000
2024-05-07 00:00:00-04:00,NVDA,90.50291442871094,437342000
2024-05-08 00:00:00-04:00,NVDA,90.36100769042969,325721000
2024-05-09 00:00:00-04:00,NVDA,88.69695281982422,378013000
2024-05-10 00:00:00-04:00,NVDA,89.82731628417969,335325000
2024-05-13 00:00:00-04:00,NVDA,90.34801483154297,289680000
2024-05-14 00:00:00-04:00,NVDA,91.30447387695312,296507000
2024-05-15 00:00:00-04:00,NVDA,94.57662963867188,417735000
2024-05-16 00:00:00-04:00,NVDA,94.30579376220703,323952000
2024-05-17 00:00:00-04:00,NVDA,92.42683410644531,359691000
2024-05-20 00:00:00-04:00,NVDA,94.72655487060547,318764000
2024-05-21 00:00:00-04:00,NVDA,95.33219909667969,328946000
2024-05-22 00:00:00-04:00,NVDA,94.89643859863281,548648000
2024-05-23 00:00:00-04:00,NVDA,103.74047088623047,835065000
2024-05-24 00:00:00-04:00,NVDA,106.40895080566406,429494000
2024-05-28 00:00:00-04:00,NVDA,113.83675384521484,652728000
2024-05-29 00:00:00-04:00,NVDA,114.76022338867188,557442000
2024-05-30 00:00:00-04:00,NVDA,110.43767547607422,484553000
2024-05-31 00:00:00-04:00,NVDA,109.5711669921875,613263000
2024-06-03 00:00:00-04:00,NVDA,114.93514251708984,438392000
2024-06-04 00:00:00-04:00,NVDA,116.3713150024414,403324000
2024-06-05 00:00:00-04:00,NVDA,122.3709487915039,528402000
2024-06-06 00:00:00-04:00,NVDA,120.92975616455078,664696000
2024-06-07 00:00:00-04:00,NVDA,120.81982421875,412386000
2024-06-10 00:00:00-04:00,NVDA,121.72129821777344,313434100
2024-06-11 00:00:00-04:00,NVDA,120.85173797607422,222551200
2024-06-12 00:00:00-04:00,NVDA,125.1396713256836,299595000
2024-06-13 00:00:00-04:00,NVDA,129.5475311279297,260704500
2024-06-14 00:00:00-04:00,NVDA,131.8164520263672,309320400
2024-06-17 00:00:00-04:00,NVDA,130.91688537597656,288504400
2024-06-18 00:00:00-04:00,NVDA,135.5146484375,294335100
2024-06-20 00:00:00-04:00,NVDA,130.71697998046875,517768400
2024-06-21 00:00:00-04:00,NVDA,126.50900268554688,649445800
2024-06-24 00:00:00-04:00,NVDA,118.0530776977539,476060900
2024-06-25 00:00:00-04:00,NVDA,126.02923583984375,414192600
2024-06-26 00:00:00-04:00,NVDA,126.3390884399414,362975900
2024-06-27 00:00:00-04:00,NVDA,123.93024444580078,252571700
2024-06-28 00:00:00-04:00,NVDA,123.48046875,315516700
2024-07-01 00:00:00-04:00,NVDA,124.24010467529297,284885500
2024-07-02 00:00:00-04:00,NVDA,122.61087036132812,218374000
2024-07-03 00:00:00-04:00,NVDA,128.21817016601562,215749000
2024-07-05 00:00:00-04:00,NVDA,125.76936340332031,214176700
2024-07-08 00:00:00-04:00,NVDA,128.13819885253906,237677300
2024-07-09 00:00:00-04:00,NVDA,131.3166961669922,285366600
2024-07-10 00:00:00-04:00,NVDA,134.84498596191406,248978600
2024-07-11 00:00:00-04:00,NVDA,127.33860778808594,374782700
2024-07-12 00:00:00-04:00,NVDA,129.177734375,252680500
2024-07-15 00:00:00-04:00,NVDA,128.3780975341797,208326200
2024-07-16 00:00:00-04:00,NVDA,126.29910278320312,214769500
2024-07-17 00:00:00-04:00,NVDA,117.9331283569336,390086200
2024-07-18 00:00:00-04:00,NVDA,121.0316390991211,320979500
2024-07-19 00:00:00-04:00,NVDA,117.87316131591797,217223800
2024-07-22 00:00:00-04:00,NVDA,123.48046875,258068900
2024-07-23 00:00:00-04:00,NVDA,122.53092193603516,173911000
2024-07-24 00:00:00-04:00,NVDA,114.19493865966797,327776900
2024-07-25 00:00:00-04:00,NVDA,112.22588348388672,460067000
2024-07-26 00:00:00-04:00,NVDA,113.00550079345703,293399100
2024-07-29 00:00:00-04:00,NVDA,111.53621673583984,248152100
2024-07-30 00:00:00-04:00,NVDA,103.68000030517578,486833300
2024-07-31 00:00:00-04:00,NVDA,116.96358489990234,473174200
2024-08-01 00:00:00-04:00,NVDA,109.1573715209961,523462300
2024-08-02 00:00:00-04:00,NVDA,107.21829223632812,482027500
2024-08-05 00:00:00-04:00,NVDA,100.4015884399414,552842400
2024-08-06 00:00:00-04:00,NVDA,104.19976043701172,409012100
2024-08-07 00:00:00-04:00,NVDA,98.86233520507812,411440400
2024-08-08 00:00:00-04:00,NVDA,104.9194107055664,391910000
2024-08-09 00:00:00-04:00,NVDA,104.69951629638672,290844200
2024-08-12 00:00:00-04:00,NVDA,108.96746063232422,325559900
2024-08-13 00:00:00-04:00,NVDA,116.08402252197266,312646700
2024-08-14 00:00:00-04:00,NVDA,118.02310180664062,339246400
2024-08-15 00:00:00-04:00,NVDA,122.80079650878906,318086700
2024-08-16 00:00:00-04:00,NVDA,124.51996612548828,302589900
2024-08-19 00:00:00-04:00,NVDA,129.93734741210938,318333600
2024-08-20 00:00:00-04:00,NVDA,127.18868255615234,300087400
2024-08-21 00:00:00-04:00,NVDA,128.4380645751953,257883600
2024-08-22 00:00:00-04:00,NVDA,123.68035888671875,376189100
2024-08-23 00:00:00-04:00,NVDA,129.30763244628906,323230300
2024-08-26 00:00:00-04:00,NVDA,126.3990478515625,331964700
2024-08-27 00:00:00-04:00,NVDA,128.23817443847656,303134600
2024-08-28 00:00:00-04:00,NVDA,125.54946899414062,448101100
2024-08-29 00:00:00-04:00,NVDA,117.5333251953125,453023300
2024-08-30 00:00:00-04:00,NVDA,119.3124771118164,333751600
2024-09-03 00:00:00-04:00,NVDA,107.94794464111328,477155100
2024-09-04 00:00:00-04:00,NVDA,106.15882110595703,372470300
2024-09-05 00:00:00-04:00,NVDA,107.15834045410156,306850700
2024-09-06 00:00:00-04:00,NVDA,102.78044128417969,413638100
2024-09-09 00:00:00-04:00,NVDA,106.41869354248047,273912000
2024-09-10 00:00:00-04:00,NVDA,108.04788970947266,268283700
2024-09-11 00:00:00-04:00,NVDA,116.8536605834961,441422400
2024-09-12 00:00:00-04:00,NVDA,119.09276580810547,366052700
2024-09-13 00:00:00-04:00,NVDA,119.05278015136719,238358300
2024-09-16 00:00:00-04:00,NVDA,116.73370361328125,248772300
2024-09-17 00:00:00-04:00,NVDA,115.54417419433594,231925900
2024-09-18 00:00:00-04:00,NVDA,113.3250503540039,310318900
2024-09-19 00:00:00-04:00,NVDA,117.82327270507812,293506400
2024-09-20 00:00:00-04:00,NVDA,115.95402526855469,382462400
2024-09-23 00:00:00-04:00,NVDA,116.21392059326172,206228500
2024-09-24 00:00:00-04:00,NVDA,120.82209014892578,354966800
2024-09-25 00:00:00-04:00,NVDA,123.4610366821289,284692900
2024-09-26 00:00:00-04:00,NVDA,123.9908218383789,302582900
2024-09-27 00:00:00-04:00,NVDA,121.35187530517578,271009200
2024-09-30 00:00:00-04:00,NVDA,121.39185333251953,226553700
2024-10-01 00:00:00-04:00,NVDA,116.95361328125,302094500
2024-10-02 00:00:00-04:00,NVDA,118.80288696289062,221845900
2024-10-03 00:00:00-04:00,NVDA,122.80130004882812,277118000
2024-10-04 00:00:00-04:00,NVDA,124.87047576904297,243678100
2024-10-07 00:00:00-04:00,NVDA,127.66936492919922,346250200
2024-10-08 00:00:00-04:00,NVDA,132.83731079101562,285722500
2024-10-09 00:00:00-04:00,NVDA,132.59742736816406,246191600
2024-10-10 00:00:00-04:00,NVDA,134.7565460205078,242311300
2024-10-11 00:00:00-04:00,NVDA,134.74656677246094,170209500
2024-10-14 00:00:00-04:00,NVDA,138.01527404785156,232347700
2024-10-15 00:00:00-04:00,NVDA,131.54783630371094,377831000
2024-10-16 00:00:00-04:00,NVDA,135.66619873046875,264879700
2024-10-17 00:00:00-04:00,NVDA,136.87570190429688,306435900
2024-10-18 00:00:00-04:00,NVDA,137.94529724121094,176090200
2024-10-21 00:00:00-04:00,NVDA,143.6530303955078,264554500
2024-10-22 00:00:00-04:00,NVDA,143.5330810546875,226311600
2024-10-23 00:00:00-04:00,NVDA,139.50466918945312,285930000
2024-10-24 00:00:00-04:00,NVDA,140.35433959960938,172354900
2024-10-25 00:00:00-04:00,NVDA,141.48388671875,205122100
2024-10-28 00:00:00-04:00,NVDA,140.4643096923828,173586700
2024-10-29 00:00:00-04:00,NVDA,141.19400024414062,157593600
2024-10-30 00:00:00-04:00,NVDA,139.28475952148438,179418100
2024-10-31 00:00:00-04:00,NVDA,132.70736694335938,270039600
2024-11-01 00:00:00-04:00,NVDA,135.34632873535156,207127800
2024-11-04 00:00:00-05:00,NVDA,135.99607849121094,187528200
2024-11-05 00:00:00-05:00,NVDA,139.8545379638672,160537400
2024-11-06 00:00:00-05:00,NVDA,145.5522918701172,242043900
2024-11-07 00:00:00-05:00,NVDA,148.8209991455078,207323300
2024-11-08 00:00:00-05:00,NVDA,147.5714569091797,175665800
2024-11-11 00:00:00-05:00,NVDA,145.20240783691406,182325600
2024-11-12 00:00:00-05:00,NVDA,148.231201171875,198634700
2024-11-13 00:00:00-05:00,NVDA,146.21200561523438,191903300
2024-11-14 00:00:00-05:00,NVDA,146.70181274414062,194463300
2024-11-15 00:00:00-05:00,NVDA,141.9237060546875,250132900
2024-11-18 00:00:00-05:00,NVDA,140.09442138671875,221205300
2024-11-19 00:00:00-05:00,NVDA,146.95172119140625,227834900
2024-11-20 00:00:00-05:00,NVDA,145.83216857910156,309871700
2024-11-21 00:00:00-05:00,NVDA,146.6118621826172,400946600
2024-11-22 00:00:00-05:00,NVDA,141.89370727539062,236406200
2024-11-25 00:00:00-05:00,NVDA,135.96607971191406,344941900
2024-11-26 00:00:00-05:00,NVDA,136.86573791503906,190287700
2024-11-27 00:00:00-05:00,NVDA,135.2863311767578,226370900
2024-11-29 00:00:00-05:00,NVDA,138.19520568847656,141863200
2024-12-02 00:00:00-05:00,NVDA,138.5750274658203,171682800
2024-12-03 00:00:00-05:00,NVDA,140.20440673828125,164414000
2024-12-04 00:00:00-05:00,NVDA,145.0824737548828,231224300
2024-12-05 00:00:00-05:00,NVDA,145.0124969482422,172621200
2024-12-06 00:00:00-05:00,NVDA,142.3933563232422,188505600
2024-12-09 00:00:00-05:00,NVDA,138.7645263671875,189308600
2024-12-10 00:00:00-05:00,NVDA,135.0257568359375,210020900
2024-12-11 00:00:00-05:00,NVDA,139.2643585205078,184905200
2024-12-12 00:00:00-05:00,NVDA,137.2949981689453,159211400
2024-12-13 00:00:00-05:00,NVDA,134.20602416992188,231514900
2024-12-16 00:00:00-05:00,NVDA,131.9567413330078,237951100
2024-12-17 00:00:00-05:00,NVDA,130.3472900390625,259410300
2024-12-18 00:00:00-05:00,NVDA,128.86778259277344,277444500
2024-12-19 00:00:00-05:00,NVDA,130.63717651367188,209719200
2024-12-20 00:00:00-05:00,NVDA,134.65586853027344,306528600
2024-12-23 00:00:00-05:00,NVDA,139.62425231933594,176053500
2024-12-24 00:00:00-05:00,NVDA,140.174072265625,105157000
2024-12-26 00:00:00-05:00,NVDA,139.88417053222656,116205600
2024-12-27 00:00:00-05:00,NVDA,136.96511840820312,170582600
2024-12-30 00:00:00-05:00,NVDA,137.4449462890625,167734700
2024-12-31 00:00:00-05:00,NVDA,134.2460174560547,155659200
2025-01-02 00:00:00-05:00,NVDA,138.2646942138672,198247200
2025-01-03 00:00:00-05:00,NVDA,144.4226837158203,229322500
2025-01-06 00:00:00-05:00,NVDA,149.38104248046875,265377400
2025-01-07 00:00:00-05:00,NVDA,140.09408569335938,351782200
2025-01-08 00:00:00-05:00,NVDA,140.06411743164062,227349900
2025-01-10 00:00:00-05:00,NVDA,135.86549377441406,207602500
2025-01-13 00:00:00-05:00,NVDA,133.18637084960938,204808900
2025-01-14 00:00:00-05:00,NVDA,131.7168426513672,195590500
2025-01-15 00:00:00-05:00,NVDA,136.1953887939453,185217300
2025-01-16 00:00:00-05:00,NVDA,133.5262451171875,209235600
2025-01-17 00:00:00-05:00,NVDA,137.66490173339844,201188800
2025-01-21 00:00:00-05:00,NVDA,140.78387451171875,197749000
2025-01-22 00:00:00-05:00,NVDA,147.02186584472656,237651400
2025-01-23 00:00:00-05:00,NVDA,147.17178344726562,155915500
2025-01-24 00:00:00-05:00,NVDA,142.57327270507812,234657600
2025-01-27 00:00:00-05:00,NVDA,118.38121032714844,818830900
2025-01-28 00:00:00-05:00,NVDA,128.94775390625,579666400
2025-01-29 00:00:00-05:00,NVDA,123.65948486328125,467120600
2025-01-30 00:00:00-05:00,NVDA,124.60917663574219,392925500
2025-01-31 00:00:00-05:00,NVDA,120.03067016601562,388161100
2025-02-03 00:00:00-05:00,NVDA,116.62179565429688,371235700
2025-02-04 00:00:00-05:00,NVDA,118.61113739013672,256550000
2025-02-05 00:00:00-05:00,NVDA,124.78910827636719,262230800
2025-02-06 00:00:00-05:00,NVDA,128.63784790039062,251483600
2025-02-07 00:00:00-05:00,NVDA,129.79745483398438,228186300
2025-02-10 00:00:00-05:00,NVDA,133.5262451171875,216989100
2025-02-11 00:00:00-05:00,NVDA,132.7565155029297,178902400
2025-02-12 00:00:00-05:00,NVDA,131.0970458984375,160278600
2025-02-13 00:00:00-05:00,NVDA,135.24566650390625,197430000
2025-02-14 00:00:00-05:00,NVDA,138.8045196533203,195479600
2025-02-18 00:00:00-05:00,NVDA,139.35433959960938,219176600
2025-02-19 00:00:00-05:00,NVDA,139.1844024658203,167536000
2025-02-20 00:00:00-05:00,NVDA,140.06411743164062,143903600
2025-02-21 00:00:00-05:00,NVDA,134.38595581054688,228217600
2025-02-24 00:00:00-05:00,NVDA,130.23733520507812,251381100
2025-02-25 00:00:00-05:00,NVDA,126.5885238647461,271428700
2025-02-26 00:00:00-05:00,NVDA,131.23699951171875,322553800
2025-02-27 00:00:00-05:00,NVDA,120.11064910888672,443175800
2025-02-28 00:00:00-05:00,NVDA,124.87908172607422,389091100
2025-03-03 00:00:00-05:00,NVDA,114.02263641357422,411381400
2025-03-04 00:00:00-05:00,NVDA,115.95201110839844,398163300
2025-03-05 00:00:00-05:00,NVDA,117.26158142089844,284337900
2025-03-06 00:00:00-05:00,NVDA,110.53378295898438,321181900
2025-03-07 00:00:00-05:00,NVDA,112.6530990600586,341755500
2025-03-10 00:00:00-04:00,NVDA,106.94495391845703,366487400
2025-03-11 00:00:00-04:00,NVDA,108.72438049316406,354865700
2025-03-12 00:00:00-04:00,NVDA,115.71273803710938,323857500
2025-03-13 00:00:00-04:00,NVDA,115.55277252197266,299033100
2025-03-14 00:00:00-04:00,NVDA,121.6413345336914,277593500
2025-03-17 00:00:00-04:00,NVDA,119.50183868408203,255501500
2025-03-18 00:00:00-04:00,NVDA,115.4028091430664,299686900
2025-03-19 00:00:00-04:00,NVDA,117.4923095703125,273426200
2025-03-20 00:00:00-04:00,NVDA,118.50206756591797,248829700
2025-03-21 00:00:00-04:00,NVDA,117.6722640991211,266498500
2025-03-24 00:00:00-04:00,NVDA,121.38140106201172,228452500
2025-03-25 00:00:00-04:00,NVDA,120.66156768798828,167447200
2025-03-26 00:00:00-04:00,NVDA,113.73320007324219,293463300
2025-03-27 00:00:00-04:00,NVDA,111.40374755859375,236902100
2025-03-28 00:00:00-04:00,NVDA,109.64415740966797,229872500
2025-03-31 00:00:00-04:00,NVDA,108.35446166992188,299212700
2025-04-01 00:00:00-04:00,NVDA,110.12405395507812,222614000
2025-04-02 00:00:00-04:00,NVDA,110.39398193359375,220601200
2025-04-03 00:00:00-04:00,NVDA,101.7760238647461,338769400
2025-04-04 00:00:00-04:00,NVDA,94.28778076171875,532273800
2025-04-07 00:00:00-04:00,NVDA,97.61698913574219,611041300
2025-04-08 00:00:00-04:00,NVDA,96.27731323242188,476243400
2025-04-09 00:00:00-04:00,NVDA,114.30307006835938,612918300
2025-04-10 00:00:00-04:00,NVDA,107.5446548461914,437812400
2025-04-11 00:00:00-04:00,NVDA,110.90386199951172,313417300
2025-04-14 00:00:00-04:00,NVDA,110.68391418457031,264705000
2025-04-15 00:00:00-04:00,NVDA,112.1735610961914,228966900
2025-04-16 00:00:00-04:00,NVDA,104.46538543701172,397016900
2025-04-17 00:00:00-04:00,NVDA,101.46607971191406,292517500
2025-04-21 00:00:00-04:00,NVDA,96.88717651367188,288501100
2025-04-22 00:00:00-04:00,NVDA,98.86669921875,241004800
2025-04-23 00:00:00-04:00,NVDA,102.68580627441406,247526000
2025-04-24 00:00:00-04:00,NVDA,106.40491485595703,220815000
2025-04-25 00:00:00-04:00,NVDA,110.98385620117188,251064700
2025-04-28 00:00:00-04:00,NVDA,108.70438385009766,207708500
2025-04-29 00:00:00-04:00,NVDA,108.99431610107422,170444300
2025-04-30 00:00:00-04:00,NVDA,108.89433288574219,235044600
2025-05-01 00:00:00-04:00,NVDA,111.58370208740234,236121500
2025-05-02 00:00:00-04:00,NVDA,114.47303009033203,190194800
2025-05-05 00:00:00-04:00,NVDA,113.7931900024414,133163200
2025-05-06 00:00:00-04:00,NVDA,113.51325988769531,158525600
2025-05-07 00:00:00-04:00,NVDA,117.03242492675781,206758800
2025-05-08 00:00:00-04:00,NVDA,117.34236145019531,198428100
2025-05-09 00:00:00-04:00,NVDA,116.62252044677734,132972200
2025-05-12 00:00:00-04:00,NVDA,122.97103118896484,225023300
2025-05-13 00:00:00-04:00,NVDA,129.89938354492188,330430100
2025-05-14 00:00:00-04:00,NVDA,135.30810546875,281180800
2025-05-15 00:00:00-04:00,NVDA,134.79823303222656,226632600
2025-05-16 00:00:00-04:00,NVDA,135.36810302734375,226542500
2025-05-19 00:00:00-04:00,NVDA,135.53805541992188,193154600
2025-05-20 00:00:00-04:00,NVDA,134.3483428955078,161514200
2025-05-21 00:00:00-04:00,NVDA,131.76895141601562,270608700
2025-05-22 00:00:00-04:00,NVDA,132.7987060546875,187344000
2025-05-23 00:00:00-04:00,NVDA,131.25906372070312,198821300
2025-05-27 00:00:00-04:00,NVDA,135.4680633544922,192953600
2025-05-28 00:00:00-04:00,NVDA,134.7782440185547,304021100
2025-05-29 00:00:00-04:00,NVDA,139.15721130371094,369241900
2025-05-30 00:00:00-04:00,NVDA,135.09817504882812,333170900
2025-06-02 00:00:00-04:00,NVDA,137.34764099121094,197663100
2025-06-03 00:00:00-04:00,NVDA,141.1867218017578,225578800
2025-06-04 00:00:00-04:00,NVDA,141.88656616210938,167120800
2025-06-05 00:00:00-04:00,NVDA,139.95703125,231397900
2025-06-06 00:00:00-04:00,NVDA,141.6865997314453,153986200
2025-06-09 00:00:00-04:00,NVDA,142.59640502929688,185114500
2025-06-10 00:00:00-04:00,NVDA,143.92608642578125,155881900
2025-06-11 00:00:00-04:00,NVDA,142.80625915527344,167694000
2025-06-12 00:00:00-04:00,NVDA,144.9759063720703,162365000
2025-06-13 00:00:00-04:00,NVDA,141.9464111328125,180820600
2025-06-16 00:00:00-04:00,NVDA,144.66595458984375,183133700
2025-06-17 00:00:00-04:00,NVDA,144.09603881835938,139108000
2025-06-18 00:00:00-04:00,NVDA,145.455810546875,161494100
2025-06-20 00:00:00-04:00,NVDA,143.8260955810547,242956200
2025-06-23 00:00:00-04:00,NVDA,144.1460418701172,154308900
2025-06-24 00:00:00-04:00,NVDA,147.87539672851562,187566100
2025-06-25 00:00:00-04:00,NVDA,154.28436279296875,269146500
2025-06-26 00:00:00-04:00,NVDA,154.99423217773438,198145700
2025-06-27 00:00:00-04:00,NVDA,157.72378540039062,263234500
2025-06-30 00:00:00-04:00,NVDA,157.96376037597656,194580300
2025-07-01 00:00:00-04:00,NVDA,153.2745361328125,213143600
2025-07-02 00:00:00-04:00,NVDA,157.22386169433594,171224100
2025-07-03 00:00:00-04:00,NVDA,159.3135223388672,143716100
2025-07-07 00:00:00-04:00,NVDA,158.21371459960938,140139000
2025-07-08 00:00:00-04:00,NVDA,159.97341918945312,138133000
2025-07-09 00:00:00-04:00,NVDA,162.85293579101562,183656400
2025-07-10 00:00:00-04:00,NVDA,164.07273864746094,167704100
2025-07-11 00:00:00-04:00,NVDA,164.89259338378906,193633300
2025-07-14 00:00:00-04:00,NVDA,164.04273986816406,136975800
2025-07-15 00:00:00-04:00,NVDA,170.671630859375,230627400
2025-07-16 00:00:00-04:00,NVDA,171.34152221679688,158831500
2025-07-17 00:00:00-04:00,NVDA,172.97125244140625,160841100
2025-07-18 00:00:00-04:00,NVDA,172.38136291503906,146456400
2025-07-21 00:00:00-04:00,NVDA,171.35153198242188,123126100
2025-07-22 00:00:00-04:00,NVDA,167.00225830078125,193114300
2025-07-23 00:00:00-04:00,NVDA,170.75161743164062,154082200
2025-07-24 00:00:00-04:00,NVDA,173.7111358642578,128984600
2025-07-25 00:00:00-04:00,NVDA,173.47117614746094,122316800
2025-07-28 00:00:00-04:00,NVDA,176.7206268310547,140023500
2025-07-29 00:00:00-04:00,NVDA,175.4808349609375,154077500
2025-07-30 00:00:00-04:00,NVDA,179.24021911621094,174312200
2025-07-31 00:00:00-04:00,NVDA,177.84043884277344,221685400
2025-08-01 00:00:00-04:00,NVDA,173.69113159179688,204529000
2025-08-04 00:00:00-04:00,NVDA,179.9700927734375,148174600
2025-08-05 00:00:00-04:00,NVDA,178.23037719726562,156407600
2025-08-06 00:00:00-04:00,NVDA,179.3901824951172,137192300
2025-08-07 00:00:00-04:00,NVDA,180.73997497558594,151878400
2025-08-08 00:00:00-04:00,NVDA,182.6696319580078,123396700
2025-08-11 00:00:00-04:00,NVDA,182.0297393798828,138323200
2025-08-12 00:00:00-04:00,NVDA,183.1295623779297,145485700
2025-08-13 00:00:00-04:00,NVDA,181.55982971191406,179871700
2025-08-14 00:00:00-04:00,NVDA,181.98974609375,129554000
2025-08-15 00:00:00-04:00,NVDA,180.42001342773438,156602200
2025-08-18 00:00:00-04:00,NVDA,181.97975158691406,132008000
2025-08-19 00:00:00-04:00,NVDA,175.61080932617188,185229200
2025-08-20 00:00:00-04:00,NVDA,175.370849609375,215142700
2025-08-21 00:00:00-04:00,NVDA,174.95091247558594,140040900
2025-08-22 00:00:00-04:00,NVDA,177.96043395996094,172789400
2025-08-25 00:00:00-04:00,NVDA,179.78012084960938,163012800
2025-08-26 00:00:00-04:00,NVDA,181.7397918701172,168688200
2025-08-27 00:00:00-04:00,NVDA,181.56982421875,235518900
2025-08-28 00:00:00-04:00,NVDA,180.1400604248047,281787800
2025-08-29 00:00:00-04:00,NVDA,174.1510467529297,243257900
2025-09-02 00:00:00-04:00,NVDA,170.75161743164062,231164900
2025-09-03 00:00:00-04:00,NVDA,170.59165954589844,164424900
2025-09-04 00:00:00-04:00,NVDA,171.63148498535156,141670100
2025-09-05 00:00:00-04:00,NVDA,166.9922637939453,224441400
2025-09-08 00:00:00-04:00,NVDA,168.2820281982422,163769100
2025-09-09 00:00:00-04:00,NVDA,170.7316131591797,157548400
2025-09-10 00:00:00-04:00,NVDA,177.300537109375,226852000
2025-09-11 00:00:00-04:00,NVDA,177.1505584716797,151159300
2025-09-12 00:00:00-04:00,NVDA,177.80047607421875,124911000
2025-09-15 00:00:00-04:00,NVDA,177.73048400878906,147061600
2025-09-16 00:00:00-04:00,NVDA,174.86080932617188,140737800
2025-09-17 00:00:00-04:00,NVDA,170.27130126953125,211843800
2025-09-18 00:00:00-04:00,NVDA,176.2206573486328,191763300
2025-09-19 00:00:00-04:00,NVDA,176.6505889892578,237182100
2025-09-22 00:00:00-04:00,NVDA,183.58984375,269637000
2025-09-23 00:00:00-04:00,NVDA,178.410400390625,192559600
2025-09-24 00:00:00-04:00,NVDA,176.9505615234375,143564100
2025-09-25 00:00:00-04:00,NVDA,177.67050170898438,191586700
2025-09-26 00:00:00-04:00,NVDA,178.17044067382812,148573700
2025-09-29 00:00:00-04:00,NVDA,181.83004760742188,193063500
2025-09-30 00:00:00-04:00,NVDA,186.55950927734375,236981000
2025-10-01 00:00:00-04:00,NVDA,187.21945190429688,173844900
2025-10-02 00:00:00-04:00,NVDA,188.8692626953125,136805800
2025-10-03 00:00:00-04:00,NVDA,187.59939575195312,137596900
2025-10-06 00:00:00-04:00,NVDA,185.51962280273438,157678100
2025-10-07 00:00:00-04:00,NVDA,185.01968383789062,140088000
2025-10-08 00:00:00-04:00,NVDA,189.0892333984375,130168900
2025-10-09 00:00:00-04:00,NVDA,192.54885864257812,182997200
2025-10-10 00:00:00-04:00,NVDA,183.139892578125,268774400
2025-10-13 00:00:00-04:00,NVDA,188.29933166503906,153482800
2025-10-14 00:00:00-04:00,NVDA,180.01022338867188,205641400
2025-10-15 00:00:00-04:00,NVDA,179.8102569580078,214450500
2025-10-16 00:00:00-04:00,NVDA,181.7900390625,179723300
2025-10-17 00:00:00-04:00,NVDA,183.19989013671875,173135200
2025-10-20 00:00:00-04:00,NVDA,182.6199493408203,128544700
2025-10-21 00:00:00-04:00,NVDA,181.14010620117188,124240200
2025-10-22 00:00:00-04:00,NVDA,180.2602081298828,162249600
2025-10-23 00:00:00-04:00,NVDA,182.13999938964844,111363700
2025-10-24 00:00:00-04:00,NVDA,186.23953247070312,131296700
2025-10-27 00:00:00-04:00,NVDA,191.46897888183594,153452700
2025-10-28 00:00:00-04:00,NVDA,201.0079345703125,297986200
2025-10-29 00:00:00-04:00,NVDA,207.01727294921875,308829600
2025-10-30 00:00:00-04:00,NVDA,202.8677215576172,178864400
2025-10-31 00:00:00-04:00,NVDA,202.4677734375,179802200
2025-11-03 00:00:00-05:00,NVDA,206.85728454589844,180267300
2025-11-04 00:00:00-05:00,NVDA,198.66818237304688,188919300
2025-11-05 00:00:00-05:00,NVDA,195.18858337402344,171350300
2025-11-06 00:00:00-05:00,NVDA,188.05935668945312,223029800
2025-11-07 00:00:00-05:00,NVDA,188.1293487548828,264942300
2025-11-10 00:00:00-05:00,NVDA,199.0281524658203,198897100
2025-11-11 00:00:00-05:00,NVDA,193.1387939453125,176483300
2025-11-12 00:00:00-05:00,NVDA,193.7787322998047,154935300
2025-11-13 00:00:00-05:00,NVDA,186.8394775390625,207423100
2025-11-14 00:00:00-05:00,NVDA,190.1491241455078,186591900
2025-11-17 00:00:00-05:00,NVDA,186.5795135498047,173628900
2025-11-18 00:00:00-05:00,NVDA,181.340087890625,213598900
2025-11-19 00:00:00-05:00,NVDA,186.49951171875,247246400
2025-11-20 00:00:00-05:00,NVDA,180.6201629638672,343504800
2025-11-21 00:00:00-05:00,NVDA,178.86036682128906,346926200
2025-11-24 00:00:00-05:00,NVDA,182.52996826171875,256618300
2025-11-25 00:00:00-05:00,NVDA,177.80047607421875,320600300
2025-11-26 00:00:00-05:00,NVDA,180.24020385742188,183852000
2025-11-28 00:00:00-05:00,NVDA,176.98056030273438,121332800
2025-12-01 00:00:00-05:00,NVDA,179.90025329589844,188131000
2025-12-02 00:00:00-05:00,NVDA,181.44007873535156,182632200
2025-12-03 00:00:00-05:00,NVDA,179.57028198242188,165138000
2025-12-04 00:00:00-05:00,NVDA,183.37008666992188,167364900
2025-12-05 00:00:00-05:00,NVDA,182.40013122558594,143971100
2025-12-08 00:00:00-05:00,NVDA,185.5399627685547,204378100
2025-12-09 00:00:00-05:00,NVDA,184.95999145507812,144719700
2025-12-10 00:00:00-05:00,NVDA,183.77005004882812,162785400
2025-12-11 00:00:00-05:00,NVDA,180.92019653320312,182136600
2025-12-12 00:00:00-05:00,NVDA,175.01052856445312,204274900
2025-12-15 00:00:00-05:00,NVDA,176.28045654296875,164775600
2025-12-16 00:00:00-05:00,NVDA,177.71038818359375,148588100
2025-12-17 00:00:00-05:00,NVDA,170.93075561523438,222775500
2025-12-18 00:00:00-05:00,NVDA,174.1305694580078,176096000
2025-12-19 00:00:00-05:00,NVDA,180.98020935058594,324925900
2025-12-22 00:00:00-05:00,NVDA,183.6800537109375,129064400
2025-12-23 00:00:00-05:00,NVDA,189.19976806640625,174873600
2025-12-24 00:00:00-05:00,NVDA,188.59979248046875,65528500
2025-12-26 00:00:00-05:00,NVDA,190.51968383789062,139740300
2025-12-29 00:00:00-05:00,NVDA,188.20980834960938,120006100
2025-12-30 00:00:00-05:00,NVDA,187.52984619140625,97687300
2025-12-31 00:00:00-05:00,NVDA,186.4899139404297,120100500
2026-01-02 00:00:00-05:00,NVDA,188.83978271484375,148240500
2026-01-05 00:00:00-05:00,NVDA,188.1098175048828,183529700
2026-01-06 00:00:00-05:00,NVDA,187.22987365722656,176862600
2026-01-07 00:00:00-05:00,NVDA,189.09976196289062,153543200
2026-01-08 00:00:00-05:00,NVDA,185.0299835205078,172457000
2026-01-09 00:00:00-05:00,NVDA,184.84999084472656,131327500
2026-01-12 00:00:00-05:00,NVDA,184.92999267578125,137968500
2026-01-13 00:00:00-05:00,NVDA,185.79994201660156,160128900
2026-01-14 00:00:00-05:00,NVDA,183.1300811767578,159586100
2026-01-15 00:00:00-05:00,NVDA,187.03988647460938,206188600
2026-01-16 00:00:00-05:00,NVDA,186.21990966796875,187967200
2026-01-20 00:00:00-05:00,NVDA,178.06036376953125,223345300
2026-01-21 00:00:00-05:00,NVDA,183.31008911132812,200381000
2026-01-22 00:00:00-05:00,NVDA,184.82998657226562,139636600
2026-01-23 00:00:00-05:00,NVDA,187.6598358154297,142748100
2026-01-26 00:00:00-05:00,NVDA,186.4599151611328,124799600
2026-01-27 00:00:00-05:00,NVDA,188.50979614257812,143711600
2026-01-28 00:00:00-05:00,NVDA,191.5096435546875,148552700
2026-01-29 00:00:00-05:00,NVDA,192.49957275390625,171764400
2026-01-30 00:00:00-05:00,NVDA,191.11965942382812,179489500
2026-02-02 00:00:00-05:00,NVDA,185.59996032714844,165794100
2026-02-03 00:00:00-05:00,NVDA,180.33023071289062,204019600
2026-02-04 00:00:00-05:00,NVDA,174.18057250976562,207014100
2026-02-05 00:00:00-05:00,NVDA,171.87069702148438,206312900
2026-02-06 00:00:00-05:00,NVDA,185.39996337890625,231346200
2026-02-09 00:00:00-05:00,NVDA,190.0297088623047,196387400
2026-02-10 00:00:00-05:00,NVDA,188.52978515625,136764800
2026-02-11 00:00:00-05:00,NVDA,190.0397186279297,144192700
2026-02-12 00:00:00-05:00,NVDA,186.9298858642578,189932500
2026-02-13 00:00:00-05:00,NVDA,182.80010986328125,161888000
2026-02-17 00:00:00-05:00,NVDA,184.95999145507812,162276900
2026-02-18 00:00:00-05:00,NVDA,187.96981811523438,164749100
2026-02-19 00:00:00-05:00,NVDA,187.88983154296875,126554500
2026-02-20 00:00:00-05:00,NVDA,189.8097381591797,178422300
2026-02-23 00:00:00-05:00,NVDA,191.53964233398438,171584800
2026-02-24 00:00:00-05:00,NVDA,192.83956909179688,175123600
2026-02-25 00:00:00-05:00,NVDA,195.54940795898438,250637100
2026-02-26 00:00:00-05:00,NVDA,184.87998962402344,360807900
2026-02-27 00:00:00-05:00,NVDA,177.180419921875,311636500
2026-03-02 00:00:00-05:00,NVDA,182.47012329101562,209095300
2026-03-03 00:00:00-05:00,NVDA,180.04025268554688,178099400
2026-03-04 00:00:00-05:00,NVDA,183.03009033203125,177731200
2026-03-05 00:00:00-05:00,NVDA,183.330078125,198779700
2026-03-06 00:00:00-05:00,NVDA,177.8103790283203,189021900
2026-03-09 00:00:00-04:00,NVDA,182.64010620117188,177213600
2026-03-10 00:00:00-04:00,NVDA,184.760009765625,179118500
2026-03-11 00:00:00-04:00,NVDA,186.02999877929688,145280400
2026-03-12 00:00:00-04:00,NVDA,183.13999938964844,155762700
2026-03-13 00:00:00-04:00,NVDA,180.25,156420571
